かつおぶし,かつお 1号 (サンホーム),500,g,1108,2.2,食材,1,,,0
唐辛子糸切,糸唐辛子,100,g,900,9.0,食材,1,,,0
七味,七味(サンホーム),300,g,242,0.8,食材,1,,,1
バター,リボン プレミアムアルファ,500,g,530,1.1,食材,1,,,0
濃口醤油,サンホーム濃口醤油特級,1800,ml,294,0.2,食材,1,,,1
酢,ヘルシー 穀物酢 ハンディ,1800,ml,240,0.1,食材,1,,,0
料理酒,料理酒 ハンディ (サンホーム),1800,g,350,0.2,食材,1,,,1
みりん,みりん風調味料 ハンディ,1800,ml,355,0.2,食材,1,,,1
ごま油,サンプラザ 調合ごま油,1650,g,922,0.6,食材,1,,,1
オリーブオイル,ガルシアエクストラバージンオリーブオイル,1000,ml,600,0.6,食材,1,,,1
しらだし,サンホーム しらだし 1.8L,1800,ml,880,0.5,食材,1,,,1
めんつゆ,ヤマサ つゆ ハンディ,1800,ml,980,0.5,食材,1,,,1
あさ漬けの素,サンホーム 浅漬けの素,1120,ml,360,0.3,食材,1,,,1
味ポン,味ぽん ハンディ,1800,ml,720,0.4,食材,1,,,1
レモン果汁,レモン (サンホーム),720,ml,300,0.4,食材,1,,,0
黒酢 業務用,ミツカン 黒酢 業務用,1000,ml,658,0.7,食材,1,,,0
麦味噌,麦みそ,1000,g,880,0.9,食材,1,,,1
田楽みそ,ハナマルキ 田楽みそ,1000,g,550,0.6,食材,1,,,1
ゆずみそ,三島食品 ゆずみそ,550,g,580,1.1,食材,1,,,1
顆粒だし,かつおこんぶだし (燦宝夢),1000,g,784,0.8,食材,1,,,1
だしの素,サンホーム だしの素 1Kg,1000,g,700,0.7,食材,1,,,0
黒潮だし,黒潮だし,1000,g,900,0.9,食材,1,,,1
味の素,味の素 味の素S,1000,g,480,0.5,食材,1,,,1
昆布だし,だし自慢 濃厚こんぶだし,1000,ml,1240,1.2,食材,1,,,1
コンソメ,味コンソメ (クノール),1000,g,1110,1.1,食材,1,,,0
チキンブイヨン SP,チキンブイヨン SP(アリアケ),1000,g,800,0.8,食材,1,,,1
昆布だし(顆粒）,味の素 ほんだしこんぶだし,1000,g,1550,1.6,食材,1,,,0
がらスープ,がらスープ (サンホーム),500,g,500,1.0,食材,1,,,0
貝柱だし,ユウキ  貝柱だし,400,g,1200,3.0,食材,1,,,0
牛肉ダシダ,CJ 牛肉ダシダ,1000,g,1050,1.1,食材,1,,,0
ナンプラー,バランス フィッシュソース ゴールド,700,ml,378,0.5,食材,1,,,0
はちみつ,サクラ印 純粋レンゲのはちみつ,500,g,450,0.9,食材,1,,,0
水飴,MY 水飴,600,g,280,0.5,食材,1,,,1
甜面醤,甜面醤 (テーオー),1000,g,850,0.9,食材,1,,,0
豆板醤,サンプラザ 四川豆板醤,1000,g,535,0.5,食材,1,,,1
サムジャン,創味  サムジャン,500,g,305,0.6,食材,1,,,0
テーオーコチジャン,テーオー コチジャン,1000,g,805,0.8,食材,1,,,0
おろしにんにく,生おろしにんにく (サンホーム),1000,g,540,0.5,食材,1,,,0
おろししょうが,生おろししょうが (サンホーム),1000,g,605,0.6,食材,1,,,1
オイスターソース,オイスターソース ペット (サンホーム),580,g,420,0.7,食材,1,,,0
ウスターソース,ウスターソース (サンホーム),1800,g,365,0.2,食材,1,,,0
ねりうめ,カネク M－02ねりうめ しそ入り,1100,g,1098,1.0,食材,1,,,1
ねりあらし,サンホーム ねりからし(350g),10,g,365,36.5,食材,1,,,1
ゆかり,ゆかり (三島),200,g,505,2.5,食材,1,,,1
炊き込みわかめ,炊き込みわかめ (三島食品),500,g,1175,2.4,食材,1,,,1
五目釜飯,五目釜めし 混ぜ込み用,1000,g,930,0.9,食材,1,,,1
ちらし寿司,ちらし寿司 混ぜ込み用,1200,g,1090,0.9,食材,1,,,1
三島 ちらしずし,三島 ちらしずし,600,g,300,0.5,食材,1,,,1
三島 青菜小えび,三島 青菜小えび,360,g,860,2.4,食材,1,,,1
三島 ごぼうごはんの素,三島 ごぼうごはんの素,1000,g,465,0.5,食材,1,,,1
三島 カリカリごはんの素,三島 カリカリごはんの素,700,g,950,1.4,食材,1,,,1
たけのこご飯の素,たけのこごはんの素,1000,g,720,0.7,食材,1,,,1
うめしらすの素,三島 混ぜごはんの素 梅美(うめしらす),360,g,980,2.7,食材,1,,,1
鮭フレーク,合食 鮭フレーク 500ｇ,500,g,578,1.2,食材,1,,,1
ＧＡＶＡＮピラフ用,ライスクックピラフ用,500,g,850,1.7,食材,1,,,0
ＧＡＶＡＮチャーハン用,ライスクック チャーハン用,500,g,850,1.7,食材,1,,,0
GAVANチキンライス用,ライスクック チキンライス用,500,g,850,1.7,食材,1,,,0
ライスクック ドライカレー用,味の素 ライスクック ドライカレー用,500,g,920,1.8,食材,1,,,0
ライスクック サフランライス用,味の素 ライスクック サフラン用,500,g,1170,2.3,食材,1,,,0
ダイストマト,カーサDS ダイストマト,2500,g,497,0.2,食材,1,,,0
カレーペースト グリーン,メープロイ グリーンカレーペースト,400,g,360,0.9,食材,1,,,0
カレーペースト イエロー,メープロイ イエローカレーペースト,400,g,288,0.7,食材,1,,,1
カレーペースト レッド,メープロイ レッドカレーペースト,400,g,258,0.6,食材,1,,,1
ココナッツミルク,ココナッツミルク 4号缶,400,ml,203,0.5,食材,1,,,0
カレーフレーク,とろけるカレーフレーク 中辛(エスビー),1000,g,558,0.6,食材,1,,,1
ホワイトカレーフレーク,北海道ホワイトカレーフレーク,1000,g,1050,1.1,食材,1,,,1
ハウス スープカレー,ハウス スープカレー 冷凍3倍濃縮,500,g,550,1.1,食材,1,,,1
ハウス ホワイトスープカレー,ハウス 北海道ホワイトスープカレー3倍濃縮,500,g,550,1.1,食材,1,,,1
ハッシュドビーフフレーク,香味焙煎 ハッシュドビーフフレーク,1000,g,858,0.9,食材,1,,,1
ハヤシフレーク,SH ハヤシフレーク 1kg,1000,g,584,0.6,食材,1,,,1
完熟ハヤシフレーク,完熟トマトのハヤシフレーク,1000,g,800,0.8,食材,1,,,1
ビーフシチューミックス,シチューミクス(ビーフ) (ハウス),1000,g,650,0.7,食材,1,,,1
ホワイトシチューミックス,シチューミクス(クリーム) (ハウス),1000,g,675,0.7,食材,1,,,0
かたくり粉,かたくり粉 (サンホーム),1000,g,229,0.2,食材,1,,,1
さつまいも粉,さつまいも粉 500ｇ,500,g,125,0.3,食材,1,,,1
コーンスターチ,コーンスターチ イエロー,1000,g,230,0.2,食材,1,,,1
パン粉,ドライパン粉 白 Ｂ中,2000,g,485,0.2,食材,1,,,1
天ぷら粉,天ぷら粉 銀 (サンプラザ),1000,g,258,0.3,食材,1,,,0
小麦粉,小麦粉(薄力粉),1000,g,185,0.2,食材,1,,,0
青のり粉,乙女草 青のり粉,150,g,520,3.5,食材,1,,,1
薄力粉,サンホーム 薄力粉,1000,g,199,0.2,食材,1,,,1
ケチャップ,ケチャップ チューブ 標準,1000,g,237,0.2,食材,1,,,0
マヨネーズ,サンプラザ マヨネーズタイプ(S),1000,g,250,0.3,食材,1,,,0
タルタルソース,タルタルソース (サンホーム),1000,g,428,0.4,食材,1,,,1
中濃ソース,中濃ソース ハンディ (サンホーム),1800,ml,326,0.2,食材,1,,,1
CooKDo青椒肉絲用,CooKDo青椒肉絲用,1000,ml,1210,1.2,食材,1,,,0
から揚げのたれ,から揚げのたれ,1800,g,1120,0.6,食材,1,,,0
味噌カツソース,みそかつソース,1085,g,680,0.6,食材,1,,,0
ｋ 焙煎胡麻ドレッシング,キューピー焙煎胡麻ドレッシング,1000,ml,628,0.6,食材,1,,,0
CookDo棒々鶏,CookDo 棒々鶏,1000,g,1210,1.2,食材,1,,,0
すき焼きのたれ,エバラ 厨房応援団 すき焼きのたれ,1000,ml,515,0.5,食材,1,,,1
トンテキのたれ,イヅマン トンテキのたれ,1000,ml,620,0.6,食材,1,,,1
韓国味噌チゲのタレ,韓国味噌チゲのタレ マルコメ),1100,g,990,0.9,食材,1,,,1
鍋大陸 チゲ味噌鍋,鍋大陸 チゲ味噌鍋,1180,g,1170,1.0,食材,1,,,1
鍋大陸 チゲ鍋,鍋大陸 チゲ鍋 ミツカン,1220,g,1170,1.0,食材,1,,,1
回鍋肉用ダレ,クック  回鍋肉用,1000,g,1185,1.2,食材,1,,,1
焼き肉のたれ,エバラ 焼肉のたれ 醤油味,1600,g,780,0.5,食材,1,,,1
甘酢あんかけ,ミツカン 惣菜庵 甘酢あんかけ,1200,g,450,0.4,食材,1,,,1
南蛮黒酢あんかけ,惣菜庵 南蛮黒酢あんかけ (ミツカン),2160,g,963,0.4,食材,1,,,1
黒酢あんかけ,惣菜庵 黒酢あんかけ (ミツカン),1210,g,540,0.4,食材,1,,,1
スイートチリ,ロザ スイートチリソース 業務用 750g,750,g,375,0.5,食材,1,,,0
ぷちっとマスタード,ぷちっとマスタード,280,g,450,1.6,食材,1,,,1
辛子明太子,辛子明太子 白キャップチューブ,350,g,972,2.8,食材,1,,,1
ノンオイル 梅,低カロリーノンオイルドレッシング 梅,1000,g,508,0.5,食材,1,,,1
アサダ 梅びし 赤,アサダ 梅びし 赤,300,g,385,1.3,食材,1,,,1
たっぷりたまねぎ酢,ミツカンビネガーシェフ たっぷりたまねぎ酢,1090,g,455,0.4,食材,1,,,1
ロレーヌ岩塩＆ハーブ,ＳＳＫ ロレーヌ岩塩＆ハーブドレッシング,490,ml,290,0.6,食材,1,,,0
シーザードレッシング,QP シーザーサラダドレッシング 1L,1000,g,550,0.6,食材,1,,,0
イタリアンバジルソース,ケンコ イタリアンバジルソース,525,g,718,1.4,食材,1,,,0
アンチョビガーリック,ケンコ イタリアン アンチョビガーリック,500,g,415,0.8,食材,1,,,0
ポルチーニソース,泉万) ポルチーニソース,1000,ml,10000000,10000.0,食材,1,,,1
フレンチドレッシング 白,フレンチドレッシング 白,40,袋,350,8.8,食材,1,,,1
フレンチドレッシング 赤,フレンチドレッシング 赤,40,袋,350,8.8,食材,1,,,1
キューピーノンオイルドレッシング青じそ,キューピーノンオイルドレッシング青じそ,40,個,365,9.1,食材,1,,,0
キムチの素,キムチの素 (燦宝夢),1000,g,570,0.6,食材,1,,,1
アボガドソース,アボガドフィリング 500g,500,g,680,1.4,食材,1,,,1
豆乳,調整豆乳,1000,ml,270,0.3,食材,1,,,0
調整豆乳 エキスキャップ,ソイフーズ調整豆乳 エキスキャップ,1000,ml,250,0.3,食材,1,,,0
生クリーム,森永 クランデール 純乳脂40％,1000,ml,1180,1.2,食材,1,,,0
デミグラスソース,デミグラスソース 1ｺﾞｳｶﾝ,3000,g,950,0.3,食材,1,,,1
ホールトマト,ホールトマト(カーサデルソーデ),2550,g,418,0.2,食材,1,,,0
ミートソース,サンホームミートソース,3000,g,1350,0.5,食材,1,,,1
冷凍きざみ柚子,カネク 刻み生ゆず,100,g,508,5.1,食材,1,,,0
生柚子,カネク 冷凍刻み生ゆず,100,g,395,4.0,食材,1,,,1
しいたけ ｓ,神栄 しいたけ ｓ 中国産,500,g,218,0.4,食材,1,,,0
たけのこ千切り,麻竹 ストリップ 中国産 1号缶,1800,g,470,0.3,食材,1,,,0
さといも,さといも Ｓ中国産,500,g,228,0.5,食材,1,,,0
ほうれん草（冷凍）,ほうれん草 カット ベトナム産,1000,g,317,0.3,食材,1,,,1
グリーンアスパラ,グリーンアスパラ チリ産,500,g,580,1.2,食材,1,,,1
ブロッコリー（冷凍）,ブロッコリー ＩＱＦ 中国産,500,g,154,0.3,食材,1,,,1
新ブロッコリー,ブロッコリー ＩＱＦ 中南米産,500,g,240,0.5,食材,1,,,1
きぬさや,きぬさや 中国産,500,g,225,0.5,食材,1,,,1
ミックスベジタブル,ミックスベジタブル ＵＳ産,1000,g,258,0.3,食材,1,,,0
塩ゆで枝豆,サンホーム 今すぐ使える塩ゆでえだまめ,500,g,200,0.4,食材,1,,,1
枝豆,枝豆,500,g,180,0.4,食材,1,,,1
オクラ,神栄 オクラ Ｍ 中国産,500,g,198,0.4,食材,1,,,0
フライドポテト,ナチュラルカットポテト,1000,g,250,0.3,食材,1,,,1
ロールキャベツ,ロールキャベツ 20,25,個,266,10.6,食材,1,,,1
むきえび  3Ｌ,バナメイむきえび 3Ｌ 60/80,1000,g,2200,2.2,食材,1,,,0
むきえび,バナメイ生むきえびＬ 100/200,1000,g,1254,1.3,食材,1,,,0
むきえび 4L,バナメイ生むきえび 4Ｌ 40/60,1000,g,2290,2.3,食材,1,,,0
シーフードミックス,シーフードミックスＮ,1000,g,990,1.0,食材,1,,,1
有頭エビフライ,有頭丸ごとエビフライ 特大,10,尾,980,98.0,食材,1,,,0
エビフライ大,SV バナメイえびフライ 大,10,本,340,34.0,食材,1,,,1
野菜コロッケ,ポピュラー野菜コロッケ 55ｇ,20,個,260,13.0,食材,1,,,1
クリームコロッケ,ニッスイ クリーミィコロッケ かに入り 60g,60,個,1740,29.0,食材,1,,,1
カニクリームコロッケ,サンホームカニクリームコロッケ65ｇ,10,個,390,39.0,食材,1,,,1
爪フライ,ニットー 爪フライ,10,個,600,60.0,食材,1,,,1
白身フライ 55,サンキュー白身フライ 55g,100,個,2390,23.9,食材,1,,,1
アジフライ,アジフライ60 サンホーム,50,枚,1500,30.0,食材,1,,,1
棒餃子,棒餃子,20,本,330,16.5,食材,1,,,1
焼売,焼売 14g,15,個,115,7.7,食材,1,,,1
餃子,サンホーム 餃子 20g,50,個,420,8.4,食材,1,,,1
鉄板餃子,JFS 鉄板餃子 30g,48,本,792,16.5,食材,1,,,1
小梅,小梅漬 カタ Ｓ (サンホーム),1000,g,685,0.7,食材,1,,,1
紅しょうが,紅しょうが 千切 (サンホーム),1000,g,358,0.4,食材,1,,,1
福神漬け,福神漬 (河鶴),2000,g,204,0.1,食材,1,,,1
きんぴらごぼう,人参金平ごぼう,1000,g,535,0.5,食材,1,,,1
春雨サラダ,春雨中華サラダ (サンホーム),1000,g,469,0.5,食材,1,,,1
切干大根,切干大根(惣菜),500,g,298,0.6,食材,1,,,1
昆布山くらげ,昆布山くらげ わさび風味,1000,g,925,0.9,食材,1,,,1
野菜豆,野菜豆の十彩煮,500,g,455,0.9,食材,1,,,1
春菊のお浸し,春菊と大根のお浸し,1000,g,700,0.7,食材,1,,,1
きんぴられんこん,金平れんこん,1000,g,790,0.8,食材,1,,,1
五目うの花,五目うの花,1000,g,576,0.6,食材,1,,,1
キムチもやし,キムチもやし,1000,g,340,0.3,食材,1,,,0
金時豆,金時豆 徳用 真空,1000,g,580,0.6,食材,1,,,1
豆のごま和えサラダ,ケンコー 豆のごま和えサラダ,1000,g,660,0.7,食材,1,,,1
エリンギマリネ,エリンギマリネ,1000,g,780,0.8,食材,1,,,1
味付きふき,味付き ふき,1000,g,1040,1.0,食材,1,,,1
昆布巻,昆布巻 S,1000,g,930,0.9,食材,1,,,1
里芋そぼろ煮,里芋そぼろ煮,500,g,345,0.7,食材,1,,,1
ひじき煮,ひじき煮 サンホーム,1000,g,495,0.5,食材,1,,,1
刻み高菜,サンホーム 刻み高菜,1000,g,307,0.3,食材,1,,,1
ごま昆布,北海道産ごま昆布 (サンホーム),1000,g,580,0.6,食材,1,,,1
キムチ,白菜キムチKC,1000,g,420,0.4,食材,1,,,1
細切塩メンマ,細切塩メンマ,2000,g,870,0.4,食材,1,,,1
味付きメンマ,味付きメンマ 燦宝夢 1.2kg,1200,g,475,0.4,食材,1,,,1
たけのこ穂先,有機たけのこ水煮  穂先,1000,g,800,0.8,食材,1,,,1
スイートコーン,スイートコーン ホール 4ｺﾞｳｶﾝ,425,g,97,0.2,食材,1,,,1
うずら,うずら卵水煮 中国産 2号缶,50,個,280,5.6,食材,1,,,1
マッシュルーム,マッシュルームスライス ＩＱＦ,1000,g,790,0.8,食材,1,,,1
錦糸玉子 1,錦糸玉子 極細 Ｆ,500,g,320,0.6,食材,1,,,1
錦糸玉子 2,錦糸玉子,500,g,320,0.6,食材,1,,,1
焼そば,ソース焼そば,1000,g,420,0.4,食材,1,,,0
冷凍うどん,冷凍うどん 得200ｇ (サンホーム),1000,g,170,0.2,食材,1,,,1
沖縄そば,沖縄そば L麺県外用,200,g,98,0.5,食材,1,,,1
冷凍ラーメン ハーフT,燦宝夢 冷凍ラーメン ハーフT,1000,g,200,0.2,食材,1,,,0
スパゲティー,スパゲッティー 1.6mm (サンホーム),4000,g,995,0.2,食材,1,,,1
ラティーノスパゲッティ,ラティーノスパゲッティ ♯6,1000,g,220,0.2,食材,1,,,1
春雨,中国春雨,500,g,165,0.3,食材,1,,,1
焼きのり,焼きのり 10Ｐ 上,10,枚,180,18.0,食材,1,,,1
韓国のり,韓国海苔,30,g,218,7.3,食材,1,,,0
もみ海苔,もみ海苔,100,g,288,2.9,食材,1,,,1
ひじき,サンホーム ひじき,500,g,975,2.0,食材,1,,,0
木耳,黒木耳,1000,g,2625,2.6,食材,1,,,0
高野豆腐 大コロ,高野豆腐 大コロ,1000,g,1050,1.1,食材,1,,,1
ローストオニオン,ＳＢ セレクトスパイス ローストオニオン,100,g,516,5.2,食材,1,,,0
カットわかめ,ふえるわかめ(サンホーム),200,g,655,3.3,食材,1,,,1
海藻サラダ,海藻サラダ(サンホーム),100,g,712,7.1,食材,1,,,1
小車麩,小車麩,1000,g,1700,1.7,食材,1,,,1
煎り胡麻 黒,いり胡麻(黒),1000,g,583,0.6,食材,1,,,0
煎り胡麻 白,いり胡麻(白),1000,g,583,0.6,食材,1,,,0
サンホーム パプリカ,サンホーム パプリカ,225,g,480,2.1,食材,1,,,0
刻みパセリ,パセリ (サンホーム),50,g,260,5.2,食材,1,,,1
パセリ,ヱスビー食品 パセリ L缶,80,g,425,5.3,食材,1,,,0
ポテトサラダ,いもさら,1000,g,270,0.3,食材,1,,,0
マカロニサラダ,まかさら マカロニサラダ (サンホーム),1000,g,270,0.3,食材,1,,,0
ポテトフレークス,ポテトフレークス US産,1000,g,530,0.5,食材,1,,,0
チリビーンズ,S&W チリビーンズ 4ゴウカン,439,g,300,0.7,食材,1,,,0
ピクルス,スライススライプオリープ アメリカ産,1,本,330,330.0,食材,1,,,0
レッドチェリー Ｍ,レッドチェリーＭ 中国産 4ｺﾞｳｶﾝ,1,本,170,170.0,食材,1,,,1
チェリー,チェリー缶,24,個,170,7.1,食材,1,,,1
クミンシード,クミンシード,100,g,210,2.1,食材,1,,,0
コリアンダー,コリアンダーシード,100,g,245,2.5,食材,1,,,0
ナツメグ,Ｃｈｅｆｅｅｌ ナツメグ,225,g,560,2.5,食材,1,,,0
ガラムマサラ,Ｃｈｅｆｅｅｌ ガラムマサラ,200,g,475,2.4,食材,1,,,0
カリフォルニアレーズン,カリフォルニアレーズン,1000,g,530,0.5,食材,1,,,0
クコの実,クコの実,500,g,1150,2.3,食材,1,,,0
粉末ゼラチン,サンホーム 粉末ゼラチン,450,g,1105,2.5,食材,1,,,0
コルニッション,コルニッション,230,g,425,1.8,食材,1,,,0
ケーパー,ケーパー,130,g,268,2.1,食材,1,,,0
クルトン,フライドクルトン 200g,200,g,360,1.8,食材,1,,,0
アーモンドエッセンス,ギャバン アーモンドエッセンス,30,g,400,13.3,食材,1,,,0
真だこのマリネ,真だこのマリネ ペペロンチーノ,500,g,1785,3.6,食材,1,,,0
サーモンスライス,サンホーム サーモントラウトスライス,500,g,1650,3.3,食材,1,,,0
チキンガランティーヌ,JTF チキンガランティーヌ スライスタイプ,330,g,750,2.3,食材,1,,,0
イトヨリのマリネ,イトヨリのフレンチマスタードマリネ,500,g,900,1.8,食材,1,,,0
ポークブリオッシュ,ポールミート ニューオークブリオッシュ,750,g,1700,2.3,食材,1,,,0
カイザーロール,タカキ 993RLカイザーロール 35g,50,個,1450,29.0,食材,1,,,0
クロワッサン,TBM  クロワッサン 約19g,10,個,485,48.5,食材,1,,,0
スライスオリーブ,スライスライプオリーブ アメリカ産,1,本,360,360.0,食材,1,,,0
パウダーチーズ,エダム パウダーチーズ ガス入り 500g,1,袋,870,870.0,食材,1,,,0
チェダースライス,ファストサーブ チェダースライス 1350g,1350,g,3222,2.4,食材,1,,,0
チェダーハーフ,ファストサーブ チェダーハーフ 640g,640,g,1396,2.2,食材,1,,,0
チーズソースレッドチェダー,クラフト  チーズソースレッドチェダー,300,g,275,0.9,食材,1,,,0
ケーキ いちご,フリーカットケーキ いちご,320,g,960,3.0,食材,1,,,1
ケーキ オレンジ,フリーカットケーキ オレンジ,320,g,960,3.0,食材,1,,,1
ケーキ キャラメル,フリーカットケーキ キャラメル,510,g,960,1.9,食材,1,,,1
ミルクレープ,フリーカットケーキ ミルクレープ,480,g,1025,2.1,食材,1,,,1
ケーキ マロン,フリーカットケーキ マロン,400,g,940,2.4,食材,1,,,1
ケーキ ベークドチーズ,フリーカットケーキ ベークドチーズ,520,g,980,1.9,食材,1,,,1
ケーキ ティラミス,フリーカットケーキ ティラミス,460,g,920,2.0,食材,1,,,1
セパレ,セパレ(サラダ油) (ローリング),500,ml,786,1.6,食材,1,,,0
バターフレーバーオイル,バターフレーバーオイル,1350,g,850,0.6,食材,1,,,0
本ロースとんかつ100g,本ロースとんかつ 100ｇ,100,個,7400,74.0,食材,11,92020034,,1
本ロースとんかつ,本ロースとんかつ 120ｇ,100,個,8700,87.0,食材,11,9202007,,1
徳用とんかつ,徳用とんかつ 80g,180,個,6300,35.0,食材,11,97020122,,1
ロースとんかつ80,ロースとんかつ 80,150,枚,6225,41.5,食材,11,91020075,,1
ロースとんかつ 120g,ロースとんかつ 120g,100,枚,7640,76.4,食材,11,91020083,,0
ロースとんかつ 100g,ロースとんかつ 100g,120,枚,7752,64.6,食材,11,91020076,,1
エビフライ30,得用えびフライ(袋なし),400,本,9280,23.2,食材,11,97030088,,0
生えび天ぷら,生えび天ぷら 30ｇ,360,個,13500,37.5,食材,11,97050002,,0
尾付えびフリッター,尾付えびフリッター,12000,g,13140,1.1,食材,11,91050047,,1
えびフリッター,えびフリッター,12000,g,12960,1.1,食材,11,,,0
イカフライ 40g,イカフライ 40g,300,個,5280,17.6,食材,11,97030019,,0
野菜コロッケ 60,野菜コロッケ 60g,200,個,2460,12.3,食材,11,97010025,,0
サクサク衣のメンチかつ 70g,サクサク衣のメンチかつ 70g,160,個,3520,22.0,食材,11,91020174,,0
クリームコロッケ30,徳用クリーミーコーンコロッケ 30g,500,個,5500,11.0,食材,11,91010049,,0
ひれカツ 50,手切りひれカツ 50g,240,個,9240,38.5,食材,11,92020009,,1
ひれカツ 30,ヒレかつ 30ｇ,400,個,8800,22.0,食材,11,97020129,,0
徳用チキンかつ 40,徳用チキンかつ 40ｇ,360,個,5760,16.0,食材,11,97020050,,1
徳用チキンかつ 30g,徳用チキンかつ 30g,480,個,6576,13.7,食材,11,,,0
ササミかつ,ササミかつ,300,個,6600,22.0,食材,11,9702002,,1
徳用ハンバーグ 60,新)得用ハンバーグ 60,240,個,4440,18.5,食材,11,97070045,,1
直火焼ハンバーグ80g,直火焼ハンバーグ 80,150,個,4425,29.5,食材,11,91070080,,0
豆腐ハンバーグ30g,豆腐ハンバーグ  30ｇ,400,個,5320,13.3,食材,11,91070065,,0
豆腐ハンバーグ 50,豆腐ハンバーグ 50g,240,個,5520,23.0,食材,11,91070066,,0
白身フライ 60g,白身フライ 60g,200,枚,4380,21.9,食材,11,97030061,,0
得用サーモンフライ,得用サーモンフライ 50ｇ,300,g,8220,27.4,食材,11,97030133,,0
得あじフライ,あじフライ 50ｇ,240,枚,3072,12.8,食材,11,93030697,,1
あじフライ,得用あじフライ 50ｇ,240,枚,3960,16.5,食材,11,91030052,,1
あじフライ 60g,あじフライ 60g,200,個,4380,21.9,食材,11,91030124,,1
イカ天ぷら 50g,イカ天ぷら 50g,240,個,7512,31.3,食材,11,97050037,,0
鶏天ぷら,鶏天ぷら 梅しそ 40g,300,個,7950,26.5,食材,11,91050039,,1
ミニ手作り春巻,ミニ手作り春巻,400,個,5000,12.5,食材,11,91130005,,0
ジャンボ上野ぎょーざ,ジャンボ上野ぎょーざ  30ｇ,480,個,4896,10.2,食材,11,97130060,,0
ちくわ天ぷら磯辺揚げ,ちくわ天ぷら磯辺揚げ,840,本,6552,7.8,食材,11,92050030,,0
ミニ焼売,ミニ上野しゅーまい 15ｇ,1000,個,5000,5.0,食材,11,97130053,,0
プレーンオムレツ,ふっくらプレーンオムレツ(真空)30g,400,個,5920,14.8,食材,11,97120005,,0
錦糸玉子,錦糸玉子,1000,g,710,0.7,食材,11,92120062,,1
厚焼き玉子,厚焼玉子1/40カット 500g,12000,g,5640,0.5,食材,11,91120035,,0
丸目玉焼（S),丸目玉焼 (S),320,個,7840,24.5,食材,11,92120026,,1
とろーり目玉風オムレツ,とろーり目玉風オムレツ,150,個,4200,28.0,食材,11,97120012,,1
チルド）ゆで玉子,(チルド)ゆで玉子  S,200,個,4700,23.5,食材,11,53200110,,1
蒸し鶏ほぐし,蒸し鶏ほぐし,12000,g,9000,0.8,食材,11,92090044,,0
赤大かまぼこ,赤大かまぼこ5mmスライス,660,g,555,0.8,食材,11,,,1
ひとくち焼き小茄子,ひとくち焼き小茄子,1000,g,550,0.6,食材,11,97200186,,0
笹がきごぼう IQF,笹がきごぼう IQF 1ｋｇ,12000,g,3780,0.3,食材,11,97200068,,1
千切人参 IQF,千切人参 IQF 1kg,12000,g,2700,0.2,食材,11,97200066,,1
スライスレンコン,スライスレンコン S ＩＱＦ,12000,g,3420,0.3,食材,11,97200077,,0
乱切レンコン,乱切レンコン IQF,12000,g,3420,0.3,食材,11,97200075,,1
乱切竹の子,乱切竹の子,10000,g,3700,0.4,食材,11,97200181,,0
乱切ポテト,乱切ポテト IQF,12000,g,2760,0.2,食材,11,79200054,,0
スナップエンドウIQF,スナップエンドウ IQF,12000,g,4740,0.4,食材,11,97200150,,0
むき枝豆,むき枝豆 IQF,12000,g,3540,0.3,食材,11,97200135,,0
五目巾着,五目巾着 20g,360,個,5400,15.0,食材,11,91100065,,0
ロールキャベツ 20g,ロールキャベツ 20ｇ,600,個,6600,11.0,食材,11,91100023,,0
はんぺん チーズ,はんぺん チーズ 25g,480,個,7296,15.2,食材,11,97110049,,0
ミートボール13ｇ,得用ミートボール13ｇ,15000,g,3975,0.3,食材,11,91080009,,0
ミートボール 15,たれ付き ミートボール約15g,800,個,3840,4.8,食材,11,91080011,,1
焼目付鉄板棒餃子,焼目付鉄板棒餃子,480,個,6480,13.5,食材,11,91130037,,0
ニオわなぎょーざ,ニオわなぎょーざ,600,個,4080,6.8,食材,11,97130062,,0
細切り大根漬,細切大根漬,1000,g,110,0.1,食材,11,96210001,,0
細切さくら漬,細切さくら漬,1000,g,110,0.1,食材,11,95210035,,0
華大根,華大根,16000,g,3360,0.2,食材,11,95210068,,0
ごま高菜,ごま高菜,16000,g,3920,0.2,食材,11,95230008,,0
白大根,白大根(ゆず風味),16000,g,3120,0.2,食材,11,95210004,,1
中華春雨,中華春雨,16000,g,5360,0.3,食材,11,95230018,,0
味付ザーサイ,味付ザーサイ,16000,g,5680,0.4,食材,11,65230070,,0
味付山くらげ,味付山くらげ 1kg,16000,g,7920,0.5,食材,11,95230083,,0
れんこんきんぴら,れんこんきんぴら,12000,g,5700,0.5,食材,11,25030033,,0
三色豆,三色豆(小粒),1000,g,235,0.2,食材,11,96220112,,1
切干大根煮,(チルド)切干大根煮,12000,g,5100,0.4,食材,11,25030014,,1
山菜ミックス,山菜ミックス (味付) 1ｋｇ,15000,g,4425,0.3,食材,11,95230048,,1
味付メンマ,味付メンマ 1ｋｇ,16000,g,10000000,625.0,食材,11,95230075,,0
味付山菜ミックス,味付け山菜ミックス,16000,g,5520,0.3,食材,11,9523005,,0
ビビンバ,ビビンバ,16000,g,6320,0.4,食材,11,95230001,,1
辛子明太（ﾏﾀﾞﾗﾊﾞﾗｺ）,マダラバラコ(辛子明太)500g,10000,g,11850,1.2,食材,11,97190087,,0
秋鮭切身 骨取40ｇ,秋鮭切身 骨取(無塩)40ｇ,300,枚,12240,40.8,食材,11,97190632,,0
赤魚切身 CC（無塩）,赤魚切身 CC(無塩),300,枚,8700,29.0,食材,11,97190197,,1
秋鮭切身 25g,秋鮭切身 四つ割骨取(無塩)25g,480,枚,13200,27.5,食材,11,97190631,,0
鮭切身（振り塩）40,鮭切身 CC (振り塩) 40g,300,枚,8940,29.8,食材,11,97190656,,1
特選チリ銀鮭切身,特選銀鮭切身 CC(無塩)70g,160,枚,9120,57.0,食材,11,97190121,,0
秋鮭切身 1,秋鮭切身 骨取(無塩)50ｇ,240,枚,11040,46.0,食材,11,97190394,,1
天然銀鮭切身,天然銀鮭切身 CC(無塩)70g,160,枚,11040,69.0,食材,11,97190524,,0
ホッケ 40ｇ,シマホッケ切身 CC定塩 40ｇ,300,枚,7080,23.6,食材,11,97190201,,1
サバ竜田,サバ竜田 50ｇ,240,個,6312,26.3,食材,11,97040018,,1
ぶり切身,ぶり切身 骨取(無塩) 40g,300,枚,9060,30.2,食材,11,97190403,,0
サワラ西京,サワラ西京(三枚卸腹骨取り) 40g,300,枚,7950,26.5,食材,11,97190126,,1
赤魚切身,赤魚切身 骨取(無塩),300,枚,10140,33.8,食材,11,97190245,,1
さば香り味噌漬,サバ香り味噌漬 40g,300,枚,6450,21.5,食材,11,97190138,,1
NRサバ切身 70ｇ,ＮＲサバ切身 骨取(無塩) 70ｇ,170,枚,10744,63.2,食材,11,97190688,,0
さば切身 骨取,NR サバ切身 骨取(無塩) 40g,600,枚,18600,31.0,食材,11,97190450,,0
骨取ぶり,骨取りぶり照焼味付,300,枚,7950,26.5,食材,11,97190118,,1
秋鮭切身 80g,焼鮭切身 cc (振り塩) 80g,150,枚,8400,56.0,食材,11,97190121,,0
マグロ 尾肉 20ｇ,マグロ尾肉,10000,g,5800,0.6,食材,11,,,0
真イカリング 11ｇ,真イカリング ＩＱＦ 皮付耳無,1000,g,700,0.7,食材,11,,,0
ボイル帆立2S,ボイル帆立2S 約26ｇ,10000,g,11550,1.2,食材,11,97190028,,0
トラウト切身 70ｇ,トラウト切身 ｃｃ 振り塩,170,枚,11016,64.8,食材,11,97190215,,0
業務用特選米,ヒロセ米穀 業務用米,1000,g,240,0.2,食材,21,,,0
押し麦,押し麦 500ｇ,500,g,240,0.5,食材,31,,,1
パーム油,パーム油,18000,ml,2700,0.2,食材,31,,,1
玉子,玉子(Ｓ),210,個,2690,12.8,食材,31,,,1
油,食用油,16500,ml,2700,0.2,食材,31,,,1
十六穀米,十六穀米,180,g,550,3.1,食材,31,,,1
十穀米,十穀米,1000,g,1200,1.2,食材,31,,,1
徳川御膳米,徳川将軍家御膳米 岐阜県輪之内,10000,g,2530,0.3,食材,41,,,1
玄米,玄米,1000,g,300,0.3,食材,31,,,1
黒米,黒米,1000,g,1500,1.5,食材,31,,,1
はつしも 米,岐阜 はつしも,1000,g,230,0.2,食材,51,,,1
グリルハンバーグ30g,RCH グリルハンバーグ冷凍 30g,100,個,1840,18.4,食材,71,760176000,,1
グリルハンバーグ120g,RCH グリルハンバーグ冷凍 120g,50,個,3850,77.0,食材,71,760178000,,1
クリーミーコロッケカニ入り,お店のためのクリーミーコロッケカニ入り冷凍35g,50,個,780,15.6,食材,71,295097000,,1
サクサクコロッケ,ニチレイ 衣がサクサクのコロッケ(牛肉入り)70g,60,個,1440,24.0,食材,71,791665000,,1
なかつ漬け込みだれ,なかつ漬け込みだれ,1000,ml,1311,1.3,食材,81,,,0
ＶＦＪ）豚ロースカツ120g,VFJ) 豚ロースカツ (120),50,枚,3800,76.0,食材,91,21898,,1
（東栄）ロース豚カツ,(東栄)ロース豚カツ 100g,120,個,7320,61.0,食材,91,取寄,,1
（VFJ）白身フライ,(VFJ)白身フライ 60g,100,個,2200,22.0,食材,91,20324,,1
野口 えびフライ,宝幸)えびフライ (特L) 30ｇ,200,尾,4200,21.0,食材,91,20310,,1
神栄） チキンカツ,神栄) チキンカツ(胸肉)カラーパン粉120g,50,枚,4200,84.0,食材,91,2153300,,0
野口  チキンカツ100g,T) DH NEWチキンカツ 100ｇ,30,枚,1800,60.0,食材,91,21554,,0
お惣菜チキンカツ,ヤヨイサンフーズ)お惣菜チキンカツ180g,60,個,6300,105.0,食材,91,21875,,0
チキンかつ 120ｇ,やわらかチキンかつ 120g,1,個,64,64.0,食材,91,21709,,1
ＩＦＡ） 野菜コロッケ 60g,ＩＦＡ) 野菜コロッケ 60g,100,個,1230,12.3,食材,91,21284,,0
野口クリーミィコロッケカニ,クリーミコロッケカニ1.2％入 60％,60,個,1380,23.0,食材,91,21010,,0
黒毛和牛入りメンチカツ,Ｂ)Ｔ黒毛和牛入りメンチ 100g,30,個,2580,86.0,食材,91,21648,,1
ちぬや）ジャンボメンチカツ,ちぬや) ジャンボメンチカツ 140g,30,個,1500,50.0,食材,91,,,0
アスパラクリーミーロール,アスパラクリーミーロール 75,60,個,3120,52.0,食材,91,,,1
グルメ爪フライ,グルメ爪フライ(日本海冷凍) 40g,10,個,550,55.0,食材,91,,,0
ワッフルポテト,ヴェスティ・フーズ・ジャパン)ワッフルポテト,750,g,372,0.5,食材,91,,,0
US)ウェッジカットポテト,VFJ)USウェッジカットポテト,1000,g,320,0.3,食材,91,,,0
MI)惣菜庵（甘酢）あんかけ,MI) 惣菜庵 (甘酢) あんかけ1200g,1200,g,398,0.3,食材,91,10406,,1
惣菜庵 南蛮あんかけ,MI) 惣菜庵 南蛮あんかけ 1180g,1180,g,345,0.3,食材,91,14946,,0
野口 （黒酢）あんかけ,ＭＩ) 惣菜庵 (黒酢) あんかけ 1210,1210,g,560,0.5,食材,91,,,0
甘辛しゅうゆスープの素,鍋＆鍋大陸 甘辛しょうゆスープの素,1210,g,1000,0.8,食材,91,,,1
カゴメトマトガーリックソース,カゴメトマトガーリックソース,465,g,440,0.9,食材,91,,,0
カゴメかけるトマトのソース,カゴメ かけるとまとのソース,465,g,410,0.9,食材,91,,,0
トマトジュレ,キューピー) ジュレ仕立て(トマト酢),300,g,330,1.1,食材,91,,,0
野口 回鍋肉用,(Cook Do)  回鍋肉用  1L,1000,ml,1180,1.2,食材,91,,,0
三島）ごまあえの素,三島)ごまあえの素,500,g,660,1.3,食材,91,,,0
野口）醤油,Mサンビシ)ハンディ特級,1800,ml,230,0.1,食材,91,,,0
ミツカン追いがつお,ミツカン 追いがつお,1800,ml,580,0.3,食材,91,,,0
野口）料理酒,富永)ジェフダプラス 料理酒  1．8Ｌ,1800,ml,300,0.2,食材,91,,,0
野口）穀物酢,ＪＦＤＡ ＰＬＵＳ 穀物酢  1．8Ｌ,1800,ml,265,0.1,食材,91,,,0
野口 みりん,ジェフダプラスみりん風調味料,1800,ml,325,0.2,食材,91,,,0
野口 調合胡麻油 ポリ,JEFD)調合ごま油 ポリ,1500,ml,1180,0.8,食材,91,,,0
カンタン酢,ＭＩ)カンタン酢,1000,ml,480,0.5,食材,91,,,0
野口 中濃ソース,野口 中濃ソース (特級)1.8L,1800,ml,390,0.2,食材,91,,,0
JFDA すし酢,ＪＦＤＡ すし酢,1800,ml,630,0.4,食材,91,,,0
ジェフダオリーブオイル,ＪＦＤＡ ＥＸバージンオリーブオイル,1000,ml,645,0.6,食材,91,,,0
IFA 四川豆板醤,JEFD) 豆板醤 1ｋｇ,1000,g,495,0.5,食材,91,,,0
野口 コチュジャン,ユウキ コチュジャン,1000,g,780,0.8,食材,91,,,0
ジェフダおろし生姜,ジェフダ おろし生姜,1000,g,705,0.7,食材,91,,,0
野口 はちみつ,朝日)純粋はちみつ,1000,g,590,0.6,食材,91,,,0
塩麹,ハナマルキ業務用液体塩こうじ,500,ml,290,0.6,食材,91,,,0
SB)きざみパクチー,SB) きざみパクチー,290,g,750,2.6,食材,91,,,1
徳用デミグラソース,HZ) 徳用デミグラソース 1号缶,3000,g,1180,0.4,食材,91,,,0
カゴメトマトソース,カゴメ トマトソース 1号缶,3000,g,1130,0.4,食材,91,,,1
[不使用]カゴメ）スーゴディポモドーロ,[不使用]カゴメ)スーゴディポモドーロ,2550,g,1180,0.5,食材,91,,,1
ジャンボパウチ ミートソース,MCC) ジャンボパウチ ミートソース,3000,g,1250,0.4,食材,91,,,0
MCC)ベシャメルソース,MCC)ベシャメルソース,1000,g,620,0.6,食材,91,,,1
オマールソースベース,ＱＰ オマールソースベース,500,g,860,1.7,食材,91,,,0
ジューシーVSバーグ,B)ジューシーVSバーグ(100),50,個,2150,43.0,食材,91,,,0
クエストバーグ,日東ベスト)クエストバーグ 100g,50,個,4950,99.0,食材,91,,,1
ディッシュハンバーグ,ニチレイ)やわらかディッシュハンバーグ100g,120,個,7200,60.0,食材,91,,,1
カントリーハンバーグ120g,日東ベスト)カントリーハンバーグ120g,50,個,4350,87.0,食材,91,,,0
野口 網目ハンバーグ,野口 網目ハンバーグ 160g,30,個,2880,96.0,食材,91,,,0
エビ conical,エビconical,120,個,3360,28.0,食材,91,,,1
五穀団子,五穀団子,500,g,395,0.8,食材,91,,,1
生湯葉包み,生湯葉包み(海老とたけのこ),200,個,6400,32.0,食材,91,,,1
野口目玉,QP)SM目玉焼き風まるオムレツ 35ｇ,100,枚,2750,27.5,食材,91,,,0
定塩銀サケ 40ｇ,定塩銀サケ 40ｇ,1,切,29,29.0,食材,91,,,1
定塩トラウト鮭25ｇ,定塩トラウト 25ｇ,1,切,19,19.0,食材,91,,,1
赤魚西京,AM)赤魚西京漬  80ｇ,400,枚,38800,97.0,食材,91,,,0
さばフィーレ40,さばフィーレ 40,1,枚,94,94.0,食材,91,,,1
さば切り身40g,さば切り身40g,300,枚,9000,30.0,食材,91,,,1
PIUS助宗タラ切身,PIUS助宗タラ切身,5,枚,315,63.0,食材,91,,,0
ＡＦ）カットインゲン,フェイス)インゲンカット,500,g,170,0.3,食材,91,,,0
IFA)レンコン乱切り,(IFA)レンコン乱切り,500,g,160,0.3,食材,91,,,1
たけのこ乱切り,(大洋A＆F)たけのこ乱切り,10000,g,2800,0.3,食材,91,,,1
野口 しいたけ,IFA) 冷凍椎茸ホール(M) 500ｇ,500,g,235,0.5,食材,91,,,1
野口 ブロッコリー,TOE) ブロッコリー IQF 500g,500,g,215,0.4,食材,91,,,0
野口 きぬさや,ＩＦＡ) 中国産きぬさや,500,g,270,0.5,食材,91,,,0
ＩＷ）カットアスパラ,IW) カットアスパラ(中国産),500,g,480,1.0,食材,91,,,1
カリフラワー,フェイス)カリフラワー,500,g,145,0.3,食材,91,,,0
野口 アスパラ,大洋AF) グリーンアスパアラ M,500,g,570,1.1,食材,91,,,0
きのこミックス,神栄)中国きのこミックス,500,g,245,0.5,食材,91,,,0
飾り人参,三島) 飾り人参 (桜),70,g,285,4.1,食材,91,,,1
菜の花,フラッシュアイ)自然解凍シリーズ菜の花,500,g,205,0.4,食材,91,,,0
野口 ミックスベジ,IW)ミックスベジタブル (USA),1000,g,295,0.3,食材,91,,,0
ＩＦＡ 味付ザーサイ,ＩＦＡ 味付ザーサイ  1㎏,1000,g,765,0.8,食材,91,,,1
アーベストビビンバ,アーベストビビンバ,1000,g,545,0.5,食材,91,,,0
4種豆のミックス,4種豆のミックス,1000,g,715,0.7,食材,91,,,0
ミックスビーンズ,ＱＰ) ほしえぬ ミックスビーンズ,1000,g,650,0.7,食材,91,,,0
カリカリ小梅,IFA) カリカリ小梅 (S) 1ｋｇ,1000,g,680,0.7,食材,91,,,0
マルカン）紅生姜,JEFD)紅生姜(N),1000,g,310,0.3,食材,91,,,0
福神漬,福神漬,1000,g,130,0.1,食材,91,,,0
（河鶴）桜漬,(河鶴)桜漬,2000,g,200,0.1,食材,91,,,1
（河鶴）千切沢庵,(河鶴)千切沢庵,2000,g,200,0.1,食材,91,,,1
ヤングコーン缶,ヤングコーン缶 3号缶,21,本,175,8.3,食材,91,,,0
シャキッとコーン,はごろも)シャキッとコーンEO,285,g,125,0.4,食材,91,,,0
わかめごはんの素,ＪＦＤＡわかめごはんの素 300ｇ,300,g,690,2.3,食材,91,,,0
三島）ゆかり,野口 三島)ゆかり,200,g,505,2.5,食材,91,,,0
バター醤油ピラフ,三島)ビュッフェごはんベース バター醤油ピラフ,700,g,1020,1.5,食材,91,,,0
桜えびごはんの素,三島) ビュッフェごはんベース桜えびの香り,500,g,1020,2.0,食材,91,,,0
黒胡麻,JFDA  煎り胡麻 (黒),1000,g,610,0.6,食材,91,,,1
白胡麻,JFDA 煎りごま (白),1000,g,610,0.6,食材,91,,,1
IFA) 片栗粉,IFA) 北海道産片栗粉,1000,g,227,0.2,食材,91,,,0
JFDA 薄力粉,ＪＦＤＡ 薄力粉 きさらぎ,1000,g,165,0.2,食材,91,,,0
野口）カレーフレーク (中辛,SB)とろけるカレーフレーク中辛,1000,g,550,0.6,食材,91,,,0
SB)カレーフレーク辛口,SB)とろけるカレーフレーク辛口,1000,g,650,0.7,食材,91,,,0
金柑 S,GFC) 黄金きんかｎ S,55,個,1225,22.3,食材,91,,,0
アーモンドスライス,GFC)  アーモンドスライス,500,g,1630,3.3,食材,91,,,0
パンプキンサラダ,ケンコー)パンプキンサラダ,1000,g,605,0.6,食材,91,,,0
スタッフドオリーブ,SO) スタッフドオリーブ,230,g,340,1.5,食材,91,,,0
きな粉,みたけ  きな粉,1000,g,420,0.4,食材,91,,,1
パンプキンシート,パンプキンシート (生),1000,g,2650,2.7,食材,91,,,0
フライドレンコン,ＱＰ フライドレンコン,100,g,625,6.3,食材,91,,,0
カシューナッツ,ヨコカン  カシューナッツ,420,g,1090,2.6,食材,91,,,0
野口 スパゲティー,VFJ)スパゲティー(1.6mm),1000,g,212,0.2,食材,91,,,0
ペンネ,ＩＦＡ ラティーニ ペンネ,1000,g,230,0.2,食材,91,,,0
ジェフダマヨネーズ,ジェフダプラスマヨタイプ50,1000,g,300,0.3,食材,91,,,1
JFDA タルタルソース,JFDA タルタルソース,1000,g,420,0.4,食材,91,,,0
野口 緑豆春雨,緑豆春雨(18ｃｍカット),500,g,260,0.5,食材,91,,,0
弁当用焼海苔,弁当用焼海苔(1/2)  100枚束,100,枚,760,7.6,食材,91,,,0
QP) 青じそドレッシング,ＱＰ) ノンオイルドレ(青じそ) 15ml,1,個,9,9.0,食材,91,,,0
野口 小袋醤油,ＹＭＳ) 本醸造醤油ミニパック,100,個,200,2.0,食材,91,,,0
理研農産）キャノーラ油,理研農産) キャノーラ油,16500,g,2440,0.1,食材,91,,,1
ゆず入りきのこ囃子,ゆず入りきのこ囃子,1000,g,1070,1.1,食材,91,,,0
大根と蒸し鶏の怪味ソースサラダ,F120大根と蒸し鶏の怪味ソースサラダ,900,g,875,1.0,食材,91,,,0
冷凍彩りアスパラお浸し,冷凍彩りアスパラお浸し,500,g,540,1.1,食材,91,,,0
唐揚げ（食研粉120g）,食研粉使用120→別紙詳細,1,個,59,59.0,食材,101,,,0
唐揚げ（食研粉140g）,食研粉使用140→別紙詳細,1,個,71,71.0,食材,101,,,0
外買 パン,外買パン,8,枚,108,13.5,食材,111,,,0
唐揚げ（仕込み120g）,唐揚げ(仕込み120g)→別紙詳細,1,個,61,61.0,食材,101,,,0
唐揚げ（仕込み140g）,唐揚げ(仕込み140g)→別紙詳細,1,個,69,69.0,食材,101,,,0
豚バラスライス 2.0,豚バラスライス 2.0mm,1000,g,620,0.6,食材,121,,,0
豚バラスライス 2.5,豚バラスライス 2.5mm,1000,g,620,0.6,食材,121,,,0
豚バラスライス 3.0,豚バラスライス 3.0mm,1000,g,620,0.6,食材,121,,,0
もち豚うで,もち豚 うで,1000,g,780,0.8,食材,121,,,0
豚小間,豚小間,1000,g,580,0.6,食材,121,,,0
豚挽き,豚挽き,1000,g,480,0.5,食材,121,,,0
豚肩細切り,豚うで千切り,1000,g,650,0.7,食材,121,,,0
豚肩ロース,豚肩ロース,1000,g,650,0.7,食材,121,,,0
豚ロース,豚ロース,1000,g,750,0.8,食材,121,,,0
豚ももスライス,豚ももスライス,1000,g,650,0.7,食材,121,,,0
鶏小間,鶏モモ小間,1000,g,460,0.5,食材,121,,,0
国産鶏もも,国産 鶏もも,1000,g,850,0.9,食材,121,,,0
鶏ももカット20g,鶏ももカット  20g,1000,g,420,0.4,食材,121,,,0
鶏ももカット30,鶏ももカット30,1000,g,410,0.4,食材,131,,170216に小田島から変更,0
鶏ももカット145,鶏ももカット145g,1000,g,460,0.5,食材,121,,,0
鶏ももカット175,鶏ももカット175,1000,g,460,0.5,食材,121,,,0
鶏ももブロック,鶏ももブロック,2000,g,420,0.2,食材,121,,,0
鶏ムネ,鶏ムネ,1000,g,330,0.3,食材,121,,,0
鶏ムネ（皮無し）,鶏ムネ(皮無し),1000,g,360,0.4,食材,121,,,0
鶏モモ切身35ｇ,鶏モモ切身35ｇ,1000,g,420,0.4,食材,121,,,0
手羽元,手羽元,1000,g,470,0.5,食材,121,,,1
唐揚げ,鶏もも唐揚げ,1000,g,480,0.5,食材,121,,,0
鶏竜田,鶏竜田,33,個,580,17.6,食材,121,,,1
鶏挽き,鶏挽き,1000,g,330,0.3,食材,121,,,0
合挽肉,合挽肉,1000,g,800,0.8,食材,121,,,0
ラム,ラム,1000,g,1350,1.4,食材,121,,,1
三元豚,三元豚,1000,g,1000,1.0,食材,121,,,0
牛バラスライス,牛バラスライス,1000,g,850,0.9,食材,121,,,0
牛小間,牛小間,1000,g,550,0.6,食材,121,,,0
牛肩ロース,牛肩ロース,1000,g,950,1.0,食材,121,,,0
ピートロ（豚トロ）,ピートロスライス,1000,g,950,1.0,食材,121,,,0
軟骨挽き,鶏ナンコツ挽き,1000,g,900,0.9,食材,121,,,1
ハンバーグシート,ハンバーグシート,1000,g,395,0.4,食材,121,,,1
鴨ムネ,鴨ムネ,1000,g,1550,1.6,食材,121,,,1
鴨パストラミ,鴨パストラミ,1000,g,1400,1.4,食材,121,,,0
ベーコン,ショルダーベーコン,1000,g,980,1.0,食材,121,,,0
ハム,ハム 2ｍｍ,1000,g,1300,1.3,食材,121,,,0
牛ロース,リブロース,1000,g,2400,2.4,食材,121,,,0
ウィンナー,ポークウィンナー,1000,g,900,0.9,食材,121,,,1
麻婆豆腐のたれ,麻婆豆腐のたれ 2ｋｇ,2000,g,765,0.4,食材,141,,,1
チリソース,チリソース 2kg,2000,g,765,0.4,食材,141,,,0
スタミナ焼肉のたれ,スタミナ焼肉のたれ,2000,g,765,0.4,食材,141,,,0
生姜焼きのたれ,生姜焼きのたれ,2000,g,765,0.4,食材,141,,,0
塩だれ,塩だれ,2000,g,765,0.4,食材,141,,,0
肉味噌風そぼろ,肉味噌風そぼろ,2000,g,860,0.4,食材,141,,,0
胡麻の旨たれ,胡麻の旨たれ,2000,g,860,0.4,食材,141,,,1
てりやきソース,ぬってり照り焼きのたれ,2000,g,765,0.4,食材,141,,,0
万能胡麻だれ,万能胡麻だれ,2000,g,700,0.4,食材,141,,,1
酢豚のたれ,酢豚のたれ,2000,g,750,0.4,食材,141,,,1
オニオンソース,オニオンソース,2000,g,840,0.4,食材,141,,,1
回鍋肉のたれ,回鍋肉のたれ 2kg,2000,ml,800,0.4,食材,141,,,1
バジルオイル,バジルオイル,700,g,875,1.3,食材,141,,,1
しょうゆ 3g,しょうゆ 3g,5000,個,7250,1.5,食材,141,,,1
中濃ソース 5g,中濃ソース 5g,3000,袋,5100,1.7,食材,141,,,0
醤油 5g,醤油 5g,3000,袋,5100,1.7,食材,141,,,1
餃子のたれ 3g,餃子のたれ 3g,3000,袋,5400,1.8,食材,141,,,0
焙煎ごま入り かつソース7ｇ,焙煎ごま入り かつソース7ｇ,2000,袋,6000,3.0,食材,141,,,1
柚子塩,柚子塩,1800,袋,4680,2.6,食材,141,,,1
しょうゆ ドレッシング,しょうゆ ドレッシング 4g,1500,袋,6225,4.2,食材,141,,,1
中華ドレッシング,中華ドレッシング,1500,袋,6225,4.2,食材,141,,,1
フレンチドレッシング白,フレンチドレッシング白,1500,袋,6225,4.2,食材,141,,,1
フレンチドレッシング赤,フレンチドレッシング赤,1500,袋,6225,4.2,食材,141,,,1
ノンオイル青じそドレッシング,ノンオイル青じそドレッシング,1500,袋,6525,4.4,食材,141,,,1
イタリアンドレッシング,イタリアンドレッシング,1500,袋,6225,4.2,食材,141,,,1
サウザンアイランドドレッシング,サウザンアイランドドレッシング,1500,袋,6225,4.2,食材,141,,,1
深煎りごまドレッシング,深煎りごまドレッシング4ｇ,1500,袋,6525,4.4,食材,141,,,1
マヨネーズ 4ｇ,マヨネーズ 4ｇ,1500,個,6525,4.4,食材,141,,,1
おろし大根ポン酢 10ｇ,おろし大根ポン酢 10ｇ,1000,袋,5900,5.9,食材,141,,,0
ポン酢しょうゆ4ｇ,ポン酢しょうゆ 4ｇ,1500,袋,5100,3.4,食材,141,,,1
ポン酢しょうゆ9ｇ,ポン酢しょうゆ 9ｇ,1000,袋,5400,5.4,食材,141,,,1
しょうゆドレッシング4ｇ,しょうゆドレッシング 4ｇ,1500,袋,6225,4.2,食材,141,,,1
しょうゆドレッシング7ｇ,しょうゆドレッシング 7ｇ,1000,袋,5300,5.3,食材,141,,,1
中華ドレッシング4ｇ,中華ドレッシング 4ｇ,1500,袋,6225,4.2,食材,141,,,1
中華ドレッシング7ｇ,中華ドレッシング 7ｇ,1000,袋,5300,5.3,食材,141,,,1
深煎りごまドレッシング 15g,深煎りごまドレッシング 15g,1200,袋,10440,8.7,食材,141,,,0
タルタルソース 7ｇ,タルタルソース 7ｇ,1000,袋,6650,6.7,食材,141,,,1
マヨネーズ 7g,マヨネーズ 7g,1000,袋,5600,5.6,食材,141,,,1
めんつゆストレート 60ｇ,めんつゆストレート 60ｇ,280,袋,3920,14.0,食材,141,,,1
ごまめんつゆストレート,ごまめんつゆストレート 20ｇ,100,袋,870,8.7,食材,141,,,1
グリーンカール,グリーンカール L,1050,g,360,0.3,食材,151,,1個350g換算,0
サニーレタスAL,サニーレタス AL,350,g,140,0.4,食材,151,,1個350g換算,0
サニーレタス,サニーレタス L,1000,g,650,0.7,食材,151,,1個200g換算,1
レタス,レタス,400,g,140,0.4,食材,151,,,0
キャベツ,キャベツ 2L,1000,g,200,0.2,食材,151,,1個1000g換算,0
かぼちゃ,かぼちゃ,1300,g,450,0.3,食材,151,,1個１３００ｇ,0
たまねぎ,むきたまねぎ,1000,g,120,0.1,食材,151,,1個２８０ｇ,0
大根,大根 3L,1200,g,300,0.3,食材,151,,1本1200g換算,0
長ネギ,長ネギ (1本：100ｇ),1000,g,190,0.2,食材,151,,1本１００ｇ,0
白菜,白菜 大,1500,g,430,0.3,食材,151,,1個1500g換算,0
なす,茄子(20ｃｍ),80,g,52,0.7,食材,151,,1本80g換算5本,0
にんじん,にんじん 大(1本：270ｇ),1000,g,110,0.1,食材,151,,1本２７０ｇ,0
ピーマン,ピーマン,1000,g,450,0.5,食材,151,,,0
にんにくの芽,にんにくの芽,100,g,45,0.5,食材,151,,,1
にら,にら,100,g,65,0.7,食材,151,,1束100g換算,0
アスパラ,アスパラ,1000,g,2500,2.5,食材,151,,,1
ししとう,ししとう,30,本,190,6.3,食材,151,,1pc30本,0
さつまいも,さつまいも,1000,g,260,0.3,食材,151,,,0
レモン,レモン,1,個,65,65.0,食材,151,,,0
小ねぎ,小ねぎ,100,g,100,1.0,食材,151,,1束100g換算,0
水菜,水菜,200,g,90,0.5,食材,151,,1袋200g換算,0
かいわれ大根,かいわれ大根,50,g,38,0.8,食材,151,,1パック,0
生パセリ,パセリ 大,1,pc,150,150.0,食材,151,,,0
チンゲン菜,チンゲン菜,260,g,88,0.3,食材,151,,１ｐｃ2束,0
しそ(大葉）,しそ,100,枚,650,6.5,食材,151,,,0
えのき,えのき,1000,g,240,0.2,食材,151,,,0
しいたけ,しいたけ,1,個,33,33.0,食材,151,,１PC６個換算,0
しめじ,しめじ,1000,g,840,0.8,食材,151,,,0
まいたけ,まいたけ,150,g,130,0.9,食材,151,,１PC150g換算,0
エリンギ,エリンギ,130,g,110,0.8,食材,151,,,0
砂糖 上白糖,砂糖 上白糖,1000,g,178,0.2,食材,151,,,0
油揚げ,油揚げ,1,枚,13,13.0,食材,151,,,1
木綿豆腐,木綿豆腐,400,g,28,0.1,食材,151,,,0
焼豆腐,焼豆腐,300,g,110,0.4,食材,151,,,0
厚揚げ,厚揚げ,175,g,98,0.6,食材,151,,,1
黒こんにゃく,黒こんにゃく,1,pc,55,55.0,食材,151,,,1
こんにゃく,こんにゃく,1,枚,50,50.0,食材,151,,,1
ねじりこんにゃく,ねじりこんにゃく,16,本,58,3.6,食材,151,,1pc/1６本入り,1
白滝1000g,白滝100g,1000,g,188,0.2,食材,151,,,0
糸こんにゃく,糸こんにゃく,1000,g,220,0.2,食材,151,,,1
ヤングコーン,ヤングコーン,8,本,140,17.5,食材,151,,,0
ごぼう,ごぼう,1,本,38,38.0,食材,151,,,0
スナップエンドウ,スナップエンドウ,1000,g,840,0.8,食材,151,,,1
絹さや,絹さや,1500,g,550,0.4,食材,151,,,0
サラダ用ほうれん草,サラダ用ほうれん草,1000,g,1500,1.5,食材,151,,,0
ベビーリーフ,ベビーリーフ,450,g,1400,3.1,食材,151,,,1
レッドオニオン,レッドオニオン(赤玉ねぎ),1000,g,300,0.3,食材,151,,,0
きゅうり,きゅうり(1本100ｇ),1000,g,400,0.4,食材,151,,１本１００g,0
ブロッコリー,ブロッコリー,1000,g,450,0.5,食材,151,,,1
ミニトマト,ミニトマト2Ｓ(サラダ用),28,個,170,6.1,食材,151,,,0
プチトマト,プチトマト,28,個,200,7.1,食材,151,,,0
トマト大2L,トマト 2L,250,g,100,0.4,食材,151,,,0
パプリカ（黄）,パプリカ(黄),150,g,190,1.3,食材,151,,1個30g換算,0
パプリカ（赤）,パプリカ(赤),250,g,120,0.5,食材,151,,1個30g換算,0
赤ピーマン,赤ピーマン,1000,g,1500,1.5,食材,151,,,0
青とうがらし,青とうがらし,1000,g,1180,1.2,食材,151,,200g34本換算1本6g,0
とうもろこし,とうもろこし,1,本,130,130.0,食材,151,,,0
香菜,香菜,1,個,350,350.0,食材,151,,,0
アボカド,アボカド,230,g,175,0.8,食材,151,,,0
ローズマリー,ローズマリー,24,g,129,5.4,食材,151,,,0
牛乳,牛乳,1000,ml,170,0.2,食材,151,,,0
ブロッコリースプラウト,ブロッコリースプラウト,100,g,120,1.2,食材,151,,,0
九条ネギ,九条ネギ,300,g,250,0.8,食材,151,,,0
ラディッシュ,ラディッシュ,100,g,120,1.2,食材,151,,,0
クレソン,クレソン,100,g,190,1.9,食材,151,,,0
豆苗,豆苗,100,g,95,1.0,食材,151,,,0
しょうが,しょうが,1000,g,280,0.3,食材,151,,,0
紫きゃべつ,赤キャベツ,850,g,230,0.3,食材,151,,,0
すだち,すだち,1,個,100,100.0,食材,151,,,0
温泉卵,温泉卵,10,個,300,30.0,食材,151,,,0
ほうれん草,ほうれん草,100,g,100,1.0,食材,151,,,1
レンコン,レンコン,1000,g,385,0.4,食材,151,,,1
新） キムチ,キムチ,1000,g,450,0.5,食材,151,,,0
パクチー,パクチー,100,g,200,2.0,食材,151,,,0
セロリ,セロリ,200,g,190,1.0,食材,151,,,0
バジル,バジル,500,g,1800,3.6,食材,151,,,0
ぬか漬けセット,ぬか漬けセット,60,個,1200,20.0,食材,151,,,1
オレンジ,オレンジ,1,個,45,45.0,食材,151,,,0
ゴーヤ,ゴーヤ 3Ｌ,150,g,160,1.1,食材,151,,,1
ズッキーニ,ズッキーニ,215,g,130,0.6,食材,151,,,0
じゃがいも,じゃがいも 大,1000,g,170,0.2,食材,151,,,0
もやし,もやし,1000,g,100,0.1,食材,151,,1p/c250g,0
キャベツ3L,キャベツ 3L,1,個,250,250.0,食材,151,,,1
りんご,りんご,300,g,115,0.4,食材,151,,,0
パイナップル,パイナップル,1,個,580,580.0,食材,151,,,0
オレンジ10個,オレンジ,10,個,800,80.0,食材,151,,,0
グレープフルーツ ホワイト,グレープフルーツ,10,個,800,80.0,食材,151,,,0
グレープフルーツ ルビー,グレープフルーツ 赤,10,個,1100,110.0,食材,151,,,0
キウイ,キウイ,1,pc,315,315.0,食材,151,,1pc5個入り,0
ミント  スペア,ミント  スペア,1,pc,170,170.0,食材,151,,,0
ミント  ペパー,ミント  ペパー,1,pc,190,190.0,食材,151,,,0
セルフィーユ,セルフィーユ,1,pc,150,150.0,食材,151,,,0
ライム,ライム,1,個,130,130.0,食材,151,,,0
種なしぶどう,種なしぶどう,1,pc,480,480.0,食材,151,,,0
種ありぶどう,種ありぶどう,1,pc,290,290.0,食材,151,,,0
いちご,いちご とちおとめ,1,pc,580,580.0,食材,151,,,0
イタリアンパセリ,イタリアンパセリ,1,pc,150,150.0,食材,151,,,0
ペパーミント,ペパーミント,1,pc,420,420.0,食材,151,,,0
唐揚げの素,から揚げの素 Ｎｏ1,2000,g,540,0.3,食材,161,,,0
焼肉のたれ炭香,焼肉のたれ炭香,2000,g,1600,0.8,食材,161,,,0
コチュジャンダレ,焼肉のたれ コチュジャンダレ,2000,ml,1610,0.8,食材,161,,,0
山賊焼のたれ,山賊焼のたれ,2000,ml,1280,0.6,食材,161,,,0
ねぎ味噌炒めのたれ,豚のねぎ味噌炒めのたれ 2kg,2000,g,1300,0.7,食材,161,,,0
焼肉のたれ彩,焼肉のたれ彩 2000g,2000,g,1610,0.8,食材,161,,,1
チンジャオロースソース,青椒肉糸糸ソース 2000g,2000,g,1300,0.7,食材,161,,,1
大根おろしソース,大根おろしソース 2kg,2000,g,1610,0.8,食材,161,,,0
みぞれ煮のたれ,みぞれ煮たれ,2000,g,1550,0.8,食材,161,,,1
麻婆ソース,麻婆ソース 2000g,2000,g,1410,0.7,食材,161,,,0
中華味噌炒めソース,中華味噌炒めソース 2000g,2000,g,1300,0.7,食材,161,,,1
味噌煮のたれ,味噌煮のたれ 2000g,2000,g,1080,0.5,食材,161,,,1
トマトソース,トマト煮込みソース,2000,ml,1400,0.7,食材,161,,,0
うなぎのたれスペシャル,うなぎのたれスペシャル,2000,g,1260,0.6,食材,161,,,0
ぬったれ,ぬったれ 2000g,2000,g,960,0.5,食材,161,,,1
デミグラス煮込みソース,デミグラス煮込みソース2㎏(6本),2000,g,1400,0.7,食材,161,,,1
ねぎ塩だれ,ねぎ塩だれ炭火風 1800g,1800,g,1000,0.6,食材,161,,,1
塩だれ 1.8kg,塩だれ 1.8kg,1800,g,1390,0.8,食材,161,,,1
D 塩だれ,D 塩だれ 1LR,1000,g,730,0.7,食材,161,,,1
手羽先甘辛揚げのたれ,手羽先甘辛揚げのたれ 1L,1000,ml,560,0.6,食材,161,,,1
すりおろし野菜ドレッシング,すりおろし野菜ドレッシング 1L,1000,ml,530,0.5,食材,161,,,0
バンバンジーのたれ,Sp.バンバンジー 1000ｍｌ,1000,ml,585,0.6,食材,161,,,1
チャプチェの素,チャプチェの素 1100g,1100,g,850,0.8,食材,161,,,1
バジルソテーオイル,鶏ももバジルソテーオイル 700g,700,g,1100,1.6,食材,161,,,0
レモンペッパー焼オイル,レモンペッパー焼オイル 700gR,700,g,1150,1.6,食材,161,,,0
きざみオニオンソース,D きざみオニオンソース700ml(12本),700,ml,775,1.1,食材,161,,,0
香味焼オイル青紫蘇風味,香味焼オイル青紫蘇風味 700g,700,g,1250,1.8,食材,161,,,0
パセリバターグリルオイル,パセリバターグリルオイル 700g,700,g,1420,2.0,食材,161,,,0
香味焼オイル山椒風味,香味焼オイル山椒風味 700g,700,g,1480,2.1,食材,161,,,0