水,水,0,ml,0,0.0,食材,12,,,0
精製塩,精製塩 (ＪＴ),1000,g,107,0.1,食材,1,,,0
食塩,食塩,5000,g,330,0.1,食材,1,,,0
砂糖,上白糖,1000,g,187,0.2,食材,1,,,1
こしょう,ヱスビー食品 ブラックペッパー グラウンド,420,g,800,1.9,食材,1,,,0
山椒粉,SH) 山椒粉 (花椒),150,g,640,4.3,食材,1,,,0
クレイジーソルト,ジェー クレイジーソルト,269,g,854,3.2,食材,1,,,0
クレイジーガーリック,ジェー クレイジーガーリック,135,g,508,3.8,食材,1,,,0
ＧＰ,Ｃｈｅｆｅｅｌ ガーリックパウダー,400,g,540,1.4,食材,1,,,1
かつおぶし,かつお 1号 (サンホーム),500,g,1108,2.2,食材,1,,,0
唐辛子糸切,糸唐辛子,100,g,900,9.0,食材,1,,,0
七味,七味(サンホーム),300,g,242,0.8,食材,1,,,1
バター,リボン プレミアムアルファ,500,g,530,1.1,食材,1,,,0
濃口醤油,サンホーム濃口醤油特級,1800,ml,294,0.2,食材,1,,,1
酢,ヘルシー 穀物酢 ハンディ,1800,ml,240,0.1,食材,1,,,0
料理酒,料理酒 ハンディ (サンホーム),1800,g,350,0.2,食材,1,,,1
みりん,みりん風調味料 ハンディ,1800,ml,355,0.2,食材,1,,,1
ごま油,サンプラザ 調合ごま油,1650,g,922,0.6,食材,1,,,1
オリーブオイル,ガルシアエクストラバージンオリーブオイル,1000,ml,600,0.6,食材,1,,,1
しらだし,サンホーム しらだし 1.8L,1800,ml,880,0.5,食材,1,,,1
めんつゆ,ヤマサ つゆ ハンディ,1800,ml,980,0.5,食材,1,,,1
あさ漬けの素,サンホーム 浅漬けの素,1120,ml,360,0.3,食材,1,,,1
味ポン,味ぽん ハンディ,1800,ml,720,0.4,食材,1,,,1
レモン果汁,レモン (サンホーム),720,ml,300,0.4,食材,1,,,0
黒酢 業務用,ミツカン 黒酢 業務用,1000,ml,658,0.7,食材,1,,,0
麦味噌,麦みそ,1000,g,880,0.9,食材,1,,,1
田楽みそ,ハナマルキ 田楽みそ,1000,g,550,0.6,食材,1,,,1
ゆずみそ,三島食品 ゆずみそ,550,g,580,1.1,食材,1,,,1
顆粒だし,かつおこんぶだし (燦宝夢),1000,g,784,0.8,食材,1,,,1
だしの素,サンホーム だしの素 1Kg,1000,g,700,0.7,食材,1,,,0
黒潮だし,黒潮だし,1000,g,900,0.9,食材,1,,,1
味の素,味の素 味の素S,1000,g,480,0.5,食材,1,,,1
昆布だし,だし自慢 濃厚こんぶだし,1000,ml,1240,1.2,食材,1,,,1
コンソメ,味コンソメ (クノール),1000,g,1110,1.1,食材,1,,,0
チキンブイヨン SP,チキンブイヨン SP(アリアケ),1000,g,800,0.8,食材,1,,,1
昆布だし(顆粒）,味の素 ほんだしこんぶだし,1000,g,1550,1.6,食材,1,,,0
がらスープ,がらスープ (サンホーム),500,g,500,1.0,食材,1,,,0
貝柱だし,ユウキ  貝柱だし,400,g,1200,3.0,食材,1,,,0
牛肉ダシダ,CJ 牛肉ダシダ,1000,g,1050,1.1,食材,1,,,0
ナンプラー,バランス フィッシュソース ゴールド,700,ml,378,0.5,食材,1,,,0
はちみつ,サクラ印 純粋レンゲのはちみつ,500,g,450,0.9,食材,1,,,0
水飴,MY 水飴,600,g,280,0.5,食材,1,,,1
甜面醤,甜面醤 (テーオー),1000,g,850,0.9,食材,1,,,0
豆板醤,サンプラザ 四川豆板醤,1000,g,535,0.5,食材,1,,,1
サムジャン,創味  サムジャン,500,g,305,0.6,食材,1,,,0
テーオーコチジャン,テーオー コチジャン,1000,g,805,0.8,食材,1,,,0
おろしにんにく,生おろしにんにく (サンホーム),1000,g,540,0.5,食材,1,,,0
おろししょうが,生おろししょうが (サンホーム),1000,g,605,0.6,食材,1,,,1
オイスターソース,オイスターソース ペット (サンホーム),580,g,420,0.7,食材,1,,,0
ウスターソース,ウスターソース (サンホーム),1800,g,365,0.2,食材,1,,,0
ねりうめ,カネク M－02ねりうめ しそ入り,1100,g,1098,1.0,食材,1,,,1
ねりあらし,サンホーム ねりからし(350g),10,g,365,36.5,食材,1,,,1
ゆかり,ゆかり (三島),200,g,505,2.5,食材,1,,,1
炊き込みわかめ,炊き込みわかめ (三島食品),500,g,1175,2.4,食材,1,,,1
五目釜飯,五目釜めし 混ぜ込み用,1000,g,930,0.9,食材,1,,,1
ちらし寿司,ちらし寿司 混ぜ込み用,1200,g,1090,0.9,食材,1,,,1
三島 ちらしずし,三島 ちらしずし,600,g,300,0.5,食材,1,,,1
三島 青菜小えび,三島 青菜小えび,360,g,860,2.4,食材,1,,,1
三島 ごぼうごはんの素,三島 ごぼうごはんの素,1000,g,465,0.5,食材,1,,,1
三島 カリカリごはんの素,三島 カリカリごはんの素,700,g,950,1.4,食材,1,,,1
たけのこご飯の素,たけのこごはんの素,1000,g,720,0.7,食材,1,,,1
うめしらすの素,三島 混ぜごはんの素 梅美(うめしらす),360,g,980,2.7,食材,1,,,1
鮭フレーク,合食 鮭フレーク 500ｇ,500,g,578,1.2,食材,1,,,1
ＧＡＶＡＮピラフ用,ライスクックピラフ用,500,g,850,1.7,食材,1,,,0
ＧＡＶＡＮチャーハン用,ライスクック チャーハン用,500,g,850,1.7,食材,1,,,0
GAVANチキンライス用,ライスクック チキンライス用,500,g,850,1.7,食材,1,,,0
ライスクック ドライカレー用,味の素 ライスクック ドライカレー用,500,g,920,1.8,食材,1,,,0
ライスクック サフランライス用,味の素 ライスクック サフラン用,500,g,1170,2.3,食材,1,,,0
ダイストマト,カーサDS ダイストマト,2500,g,497,0.2,食材,1,,,0
カレーペースト グリーン,メープロイ グリーンカレーペースト,400,g,360,0.9,食材,1,,,0
カレーペースト イエロー,メープロイ イエローカレーペースト,400,g,288,0.7,食材,1,,,1
カレーペースト レッド,メープロイ レッドカレーペースト,400,g,258,0.6,食材,1,,,1
ココナッツミルク,ココナッツミルク 4号缶,400,ml,203,0.5,食材,1,,,0
カレーフレーク,とろけるカレーフレーク 中辛(エスビー),1000,g,558,0.6,食材,1,,,1
ホワイトカレーフレーク,北海道ホワイトカレーフレーク,1000,g,1050,1.1,食材,1,,,1
ハウス スープカレー,ハウス スープカレー 冷凍3倍濃縮,500,g,550,1.1,食材,1,,,1
ハウス ホワイトスープカレー,ハウス 北海道ホワイトスープカレー3倍濃縮,500,g,550,1.1,食材,1,,,1
ハッシュドビーフフレーク,香味焙煎 ハッシュドビーフフレーク,1000,g,858,0.9,食材,1,,,1
ハヤシフレーク,SH ハヤシフレーク 1kg,1000,g,584,0.6,食材,1,,,1
完熟ハヤシフレーク,完熟トマトのハヤシフレーク,1000,g,800,0.8,食材,1,,,1
ビーフシチューミックス,シチューミクス(ビーフ) (ハウス),1000,g,650,0.7,食材,1,,,1
ホワイトシチューミックス,シチューミクス(クリーム) (ハウス),1000,g,675,0.7,食材,1,,,0
かたくり粉,かたくり粉 (サンホーム),1000,g,229,0.2,食材,1,,,1
さつまいも粉,さつまいも粉 500ｇ,500,g,125,0.3,食材,1,,,1
コーンスターチ,コーンスターチ イエロー,1000,g,230,0.2,食材,1,,,1
パン粉,ドライパン粉 白 Ｂ中,2000,g,485,0.2,食材,1,,,1
天ぷら粉,天ぷら粉 銀 (サンプラザ),1000,g,258,0.3,食材,1,,,0
小麦粉,小麦粉(薄力粉),1000,g,185,0.2,食材,1,,,0
青のり粉,乙女草 青のり粉,150,g,520,3.5,食材,1,,,1
薄力粉,サンホーム 薄力粉,1000,g,199,0.2,食材,1,,,1
ケチャップ,ケチャップ チューブ 標準,1000,g,237,0.2,食材,1,,,0
マヨネーズ,サンプラザ マヨネーズタイプ(S),1000,g,250,0.3,食材,1,,,0
タルタルソース,タルタルソース (サンホーム),1000,g,428,0.4,食材,1,,,1
中濃ソース,中濃ソース ハンディ (サンホーム),1800,ml,326,0.2,食材,1,,,1
CooKDo青椒肉絲用,CooKDo青椒肉絲用,1000,ml,1210,1.2,食材,1,,,0
から揚げのたれ,から揚げのたれ,1800,g,1120,0.6,食材,1,,,0
味噌カツソース,みそかつソース,1085,g,680,0.6,食材,1,,,0
ｋ 焙煎胡麻ドレッシング,キューピー焙煎胡麻ドレッシング,1000,ml,628,0.6,食材,1,,,0
CookDo棒々鶏,CookDo 棒々鶏,1000,g,1210,1.2,食材,1,,,0
すき焼きのたれ,エバラ 厨房応援団 すき焼きのたれ,1000,ml,515,0.5,食材,1,,,1
トンテキのたれ,イヅマン トンテキのたれ,1000,ml,620,0.6,食材,1,,,1
韓国味噌チゲのタレ,韓国味噌チゲのタレ マルコメ),1100,g,990,0.9,食材,1,,,1
鍋大陸 チゲ味噌鍋,鍋大陸 チゲ味噌鍋,1180,g,1170,1.0,食材,1,,,1
鍋大陸 チゲ鍋,鍋大陸 チゲ鍋 ミツカン,1220,g,1170,1.0,食材,1,,,1
回鍋肉用ダレ,クック  回鍋肉用,1000,g,1185,1.2,食材,1,,,1
焼き肉のたれ,エバラ 焼肉のたれ 醤油味,1600,g,780,0.5,食材,1,,,1
甘酢あんかけ,ミツカン 惣菜庵 甘酢あんかけ,1200,g,450,0.4,食材,1,,,1
南蛮黒酢あんかけ,惣菜庵 南蛮黒酢あんかけ (ミツカン),2160,g,963,0.4,食材,1,,,1
黒酢あんかけ,惣菜庵 黒酢あんかけ (ミツカン),1210,g,540,0.4,食材,1,,,1
スイートチリ,ロザ スイートチリソース 業務用 750g,750,g,375,0.5,食材,1,,,0
ぷちっとマスタード,ぷちっとマスタード,280,g,450,1.6,食材,1,,,1
辛子明太子,辛子明太子 白キャップチューブ,350,g,972,2.8,食材,1,,,1
ノンオイル 梅,低カロリーノンオイルドレッシング 梅,1000,g,508,0.5,食材,1,,,1
アサダ 梅びし 赤,アサダ 梅びし 赤,300,g,385,1.3,食材,1,,,1
たっぷりたまねぎ酢,ミツカンビネガーシェフ たっぷりたまねぎ酢,1090,g,455,0.4,食材,1,,,1
ロレーヌ岩塩＆ハーブ,ＳＳＫ ロレーヌ岩塩＆ハーブドレッシング,490,ml,290,0.6,食材,1,,,0
シーザードレッシング,QP シーザーサラダドレッシング 1L,1000,g,550,0.6,食材,1,,,0
イタリアンバジルソース,ケンコ イタリアンバジルソース,525,g,718,1.4,食材,1,,,0
アンチョビガーリック,ケンコ イタリアン アンチョビガーリック,500,g,415,0.8,食材,1,,,0
ポルチーニソース,泉万) ポルチーニソース,1000,ml,10000000,10000.0,食材,1,,,1
フレンチドレッシング 白,フレンチドレッシング 白,40,袋,350,8.8,食材,1,,,1
フレンチドレッシング 赤,フレンチドレッシング 赤,40,袋,350,8.8,食材,1,,,1
キューピーノンオイルドレッシング青じそ,キューピーノンオイルドレッシング青じそ,40,個,365,9.1,食材,1,,,0
キムチの素,キムチの素 (燦宝夢),1000,g,570,0.6,食材,1,,,1
アボガドソース,アボガドフィリング 500g,500,g,680,1.4,食材,1,,,1
豆乳,調整豆乳,1000,ml,270,0.3,食材,1,,,0
調整豆乳 エキスキャップ,ソイフーズ調整豆乳 エキスキャップ,1000,ml,250,0.3,食材,1,,,0
生クリーム,森永 クランデール 純乳脂40％,1000,ml,1180,1.2,食材,1,,,0
デミグラスソース,デミグラスソース 1ｺﾞｳｶﾝ,3000,g,950,0.3,食材,1,,,1
ホールトマト,ホールトマト(カーサデルソーデ),2550,g,418,0.2,食材,1,,,0
ミートソース,サンホームミートソース,3000,g,1350,0.5,食材,1,,,1
冷凍きざみ柚子,カネク 刻み生ゆず,100,g,508,5.1,食材,1,,,0
生柚子,カネク 冷凍刻み生ゆず,100,g,395,4.0,食材,1,,,1
しいたけ ｓ,神栄 しいたけ ｓ 中国産,500,g,218,0.4,食材,1,,,0
たけのこ千切り,麻竹 ストリップ 中国産 1号缶,1800,g,470,0.3,食材,1,,,0
さといも,さといも Ｓ中国産,500,g,228,0.5,食材,1,,,0
ほうれん草（冷凍）,ほうれん草 カット ベトナム産,1000,g,317,0.3,食材,1,,,1
グリーンアスパラ,グリーンアスパラ チリ産,500,g,580,1.2,食材,1,,,1
ブロッコリー（冷凍）,ブロッコリー ＩＱＦ 中国産,500,g,154,0.3,食材,1,,,1
新ブロッコリー,ブロッコリー ＩＱＦ 中南米産,500,g,240,0.5,食材,1,,,1
きぬさや,きぬさや 中国産,500,g,225,0.5,食材,1,,,1
ミックスベジタブル,ミックスベジタブル ＵＳ産,1000,g,258,0.3,食材,1,,,0
塩ゆで枝豆,サンホーム 今すぐ使える塩ゆでえだまめ,500,g,200,0.4,食材,1,,,1
枝豆,枝豆,500,g,180,0.4,食材,1,,,1
オクラ,神栄 オクラ Ｍ 中国産,500,g,198,0.4,食材,1,,,0
フライドポテト,ナチュラルカットポテト,1000,g,250,0.3,食材,1,,,1
ロールキャベツ,ロールキャベツ 20,25,個,266,10.6,食材,1,,,1
むきえび  3Ｌ,バナメイむきえび 3Ｌ 60/80,1000,g,2200,2.2,食材,1,,,0
むきえび,バナメイ生むきえびＬ 100/200,1000,g,1254,1.3,食材,1,,,0
むきえび 4L,バナメイ生むきえび 4Ｌ 40/60,1000,g,2290,2.3,食材,1,,,0
シーフードミックス,シーフードミックスＮ,1000,g,990,1.0,食材,1,,,1
有頭エビフライ,有頭丸ごとエビフライ 特大,10,尾,980,98.0,食材,1,,,0
エビフライ大,SV バナメイえびフライ 大,10,本,340,34.0,食材,1,,,1
野菜コロッケ,ポピュラー野菜コロッケ 55ｇ,20,個,260,13.0,食材,1,,,1
クリームコロッケ,ニッスイ クリーミィコロッケ かに入り 60g,60,個,1740,29.0,食材,1,,,1
カニクリームコロッケ,サンホームカニクリームコロッケ65ｇ,10,個,390,39.0,食材,1,,,1
爪フライ,ニットー 爪フライ,10,個,600,60.0,食材,1,,,1
白身フライ 55,サンキュー白身フライ 55g,100,個,2390,23.9,食材,1,,,1
アジフライ,アジフライ60 サンホーム,50,枚,1500,30.0,食材,1,,,1
棒餃子,棒餃子,20,本,330,16.5,食材,1,,,1
焼売,焼売 14g,15,個,115,7.7,食材,1,,,1
餃子,サンホーム 餃子 20g,50,個,420,8.4,食材,1,,,1
鉄板餃子,JFS 鉄板餃子 30g,48,本,792,16.5,食材,1,,,1
小梅,小梅漬 カタ Ｓ (サンホーム),1000,g,685,0.7,食材,1,,,1
紅しょうが,紅しょうが 千切 (サンホーム),1000,g,358,0.4,食材,1,,,1
福神漬け,福神漬 (河鶴),2000,g,204,0.1,食材,1,,,1
きんぴらごぼう,人参金平ごぼう,1000,g,535,0.5,食材,1,,,1
春雨サラダ,春雨中華サラダ (サンホーム),1000,g,469,0.5,食材,1,,,1
切干大根,切干大根(惣菜),500,g,298,0.6,食材,1,,,1
昆布山くらげ,昆布山くらげ わさび風味,1000,g,925,0.9,食材,1,,,1
野菜豆,野菜豆の十彩煮,500,g,455,0.9,食材,1,,,1
春菊のお浸し,春菊と大根のお浸し,1000,g,700,0.7,食材,1,,,1
きんぴられんこん,金平れんこん,1000,g,790,0.8,食材,1,,,1
五目うの花,五目うの花,1000,g,576,0.6,食材,1,,,1
キムチもやし,キムチもやし,1000,g,340,0.3,食材,1,,,0
金時豆,金時豆 徳用 真空,1000,g,580,0.6,食材,1,,,1
豆のごま和えサラダ,ケンコー 豆のごま和えサラダ,1000,g,660,0.7,食材,1,,,1
エリンギマリネ,エリンギマリネ,1000,g,780,0.8,食材,1,,,1
味付きふき,味付き ふき,1000,g,1040,1.0,食材,1,,,1
昆布巻,昆布巻 S,1000,g,930,0.9,食材,1,,,1
里芋そぼろ煮,里芋そぼろ煮,500,g,345,0.7,食材,1,,,1
ひじき煮,ひじき煮 サンホーム,1000,g,495,0.5,食材,1,,,1
刻み高菜,サンホーム 刻み高菜,1000,g,307,0.3,食材,1,,,1
ごま昆布,北海道産ごま昆布 (サンホーム),1000,g,580,0.6,食材,1,,,1
キムチ,白菜キムチKC,1000,g,420,0.4,食材,1,,,1
細切塩メンマ,細切塩メンマ,2000,g,870,0.4,食材,1,,,1
味付きメンマ,味付きメンマ 燦宝夢 1.2kg,1200,g,475,0.4,食材,1,,,1
たけのこ穂先,有機たけのこ水煮  穂先,1000,g,800,0.8,食材,1,,,1
スイートコーン,スイートコーン ホール 4ｺﾞｳｶﾝ,425,g,97,0.2,食材,1,,,1
うずら,うずら卵水煮 中国産 2号缶,50,個,280,5.6,食材,1,,,1
マッシュルーム,マッシュルームスライス ＩＱＦ,1000,g,790,0.8,食材,1,,,1
錦糸玉子 1,錦糸玉子 極細 Ｆ,500,g,320,0.6,食材,1,,,1
錦糸玉子 2,錦糸玉子,500,g,320,0.6,食材,1,,,1
焼そば,ソース焼そば,1000,g,420,0.4,食材,1,,,0
冷凍うどん,冷凍うどん 得200ｇ (サンホーム),1000,g,170,0.2,食材,1,,,1
沖縄そば,沖縄そば L麺県外用,200,g,98,0.5,食材,1,,,1
冷凍ラーメン ハーフT,燦宝夢 冷凍ラーメン ハーフT,1000,g,200,0.2,食材,1,,,0
スパゲティー,スパゲッティー 1.6mm (サンホーム),4000,g,995,0.2,食材,1,,,1
ラティーノスパゲッティ,ラティーノスパゲッティ ♯6,1000,g,220,0.2,食材,1,,,1
春雨,中国春雨,500,g,165,0.3,食材,1,,,1
焼きのり,焼きのり 10Ｐ 上,10,枚,180,18.0,食材,1,,,1
韓国のり,韓国海苔,30,g,218,7.3,食材,1,,,0
もみ海苔,もみ海苔,100,g,288,2.9,食材,1,,,1
ひじき,サンホーム ひじき,500,g,975,2.0,食材,1,,,0
木耳,黒木耳,1000,g,2625,2.6,食材,1,,,0
高野豆腐 大コロ,高野豆腐 大コロ,1000,g,1050,1.1,食材,1,,,1
ローストオニオン,ＳＢ セレクトスパイス ローストオニオン,100,g,516,5.2,食材,1,,,0
カットわかめ,ふえるわかめ(サンホーム),200,g,655,3.3,食材,1,,,1
海藻サラダ,海藻サラダ(サンホーム),100,g,712,7.1,食材,1,,,1
小車麩,小車麩,1000,g,1700,1.7,食材,1,,,1
煎り胡麻 黒,いり胡麻(黒),1000,g,583,0.6,食材,1,,,0
煎り胡麻 白,いり胡麻(白),1000,g,583,0.6,食材,1,,,0
サンホーム パプリカ,サンホーム パプリカ,225,g,480,2.1,食材,1,,,0
刻みパセリ,パセリ (サンホーム),50,g,260,5.2,食材,1,,,1
パセリ,ヱスビー食品 パセリ L缶,80,g,425,5.3,食材,1,,,0
ポテトサラダ,いもさら,1000,g,270,0.3,食材,1,,,0
マカロニサラダ,まかさら マカロニサラダ (サンホーム),1000,g,270,0.3,食材,1,,,0
ポテトフレークス,ポテトフレークス US産,1000,g,530,0.5,食材,1,,,0
チリビーンズ,S&W チリビーンズ 4ゴウカン,439,g,300,0.7,食材,1,,,0
ピクルス,スライススライプオリープ アメリカ産,1,本,330,330.0,食材,1,,,0
レッドチェリー Ｍ,レッドチェリーＭ 中国産 4ｺﾞｳｶﾝ,1,本,170,170.0,食材,1,,,1
チェリー,チェリー缶,24,個,170,7.1,食材,1,,,1
クミンシード,クミンシード,100,g,210,2.1,食材,1,,,0
コリアンダー,コリアンダーシード,100,g,245,2.5,食材,1,,,0
ナツメグ,Ｃｈｅｆｅｅｌ ナツメグ,225,g,560,2.5,食材,1,,,0
ガラムマサラ,Ｃｈｅｆｅｅｌ ガラムマサラ,200,g,475,2.4,食材,1,,,0
カリフォルニアレーズン,カリフォルニアレーズン,1000,g,530,0.5,食材,1,,,0
クコの実,クコの実,500,g,1150,2.3,食材,1,,,0
粉末ゼラチン,サンホーム 粉末ゼラチン,450,g,1105,2.5,食材,1,,,0
コルニッション,コルニッション,230,g,425,1.8,食材,1,,,0
ケーパー,ケーパー,130,g,268,2.1,食材,1,,,0
クルトン,フライドクルトン 200g,200,g,360,1.8,食材,1,,,0
アーモンドエッセンス,ギャバン アーモンドエッセンス,30,g,400,13.3,食材,1,,,0
真だこのマリネ,真だこのマリネ ペペロンチーノ,500,g,1785,3.6,食材,1,,,0
サーモンスライス,サンホーム サーモントラウトスライス,500,g,1650,3.3,食材,1,,,0
チキンガランティーヌ,JTF チキンガランティーヌ スライスタイプ,330,g,750,2.3,食材,1,,,0
イトヨリのマリネ,イトヨリのフレンチマスタードマリネ,500,g,900,1.8,食材,1,,,0
ポークブリオッシュ,ポールミート ニューオークブリオッシュ,750,g,1700,2.3,食材,1,,,0
カイザーロール,タカキ 993RLカイザーロール 35g,50,個,1450,29.0,食材,1,,,0
クロワッサン,TBM  クロワッサン 約19g,10,個,485,48.5,食材,1,,,0
スライスオリーブ,スライスライプオリーブ アメリカ産,1,本,360,360.0,食材,1,,,0
パウダーチーズ,エダム パウダーチーズ ガス入り 500g,1,袋,870,870.0,食材,1,,,0
チェダースライス,ファストサーブ チェダースライス 1350g,1350,g,3222,2.4,食材,1,,,0
チェダーハーフ,ファストサーブ チェダーハーフ 640g,640,g,1396,2.2,食材,1,,,0
チーズソースレッドチェダー,クラフト  チーズソースレッドチェダー,300,g,275,0.9,食材,1,,,0
ケーキ いちご,フリーカットケーキ いちご,320,g,960,3.0,食材,1,,,1
ケーキ オレンジ,フリーカットケーキ オレンジ,320,g,960,3.0,食材,1,,,1
ケーキ キャラメル,フリーカットケーキ キャラメル,510,g,960,1.9,食材,1,,,1
ミルクレープ,フリーカットケーキ ミルクレープ,480,g,1025,2.1,食材,1,,,1
ケーキ マロン,フリーカットケーキ マロン,400,g,940,2.4,食材,1,,,1
ケーキ ベークドチーズ,フリーカットケーキ ベークドチーズ,520,g,980,1.9,食材,1,,,1
ケーキ ティラミス,フリーカットケーキ ティラミス,460,g,920,2.0,食材,1,,,1
セパレ,セパレ(サラダ油) (ローリング),500,ml,786,1.6,食材,1,,,0
バターフレーバーオイル,バターフレーバーオイル,1350,g,850,0.6,食材,1,,,0
本ロースとんかつ100g,本ロースとんかつ 100ｇ,100,個,7400,74.0,食材,2,92020034,,1
本ロースとんかつ,本ロースとんかつ 120ｇ,100,個,8700,87.0,食材,2,9202007,,1
徳用とんかつ,徳用とんかつ 80g,180,個,6300,35.0,食材,2,97020122,,1
ロースとんかつ80,ロースとんかつ 80,150,枚,6225,41.5,食材,2,91020075,,1
ロースとんかつ 120g,ロースとんかつ 120g,100,枚,7640,76.4,食材,2,91020083,,0
ロースとんかつ 100g,ロースとんかつ 100g,120,枚,7752,64.6,食材,2,91020076,,1
エビフライ30,得用えびフライ(袋なし),400,本,9280,23.2,食材,2,97030088,,0
生えび天ぷら,生えび天ぷら 30ｇ,360,個,13500,37.5,食材,2,97050002,,0
尾付えびフリッター,尾付えびフリッター,12000,g,13140,1.1,食材,2,91050047,,1
えびフリッター,えびフリッター,12000,g,12960,1.1,食材,2,,,0
イカフライ 40g,イカフライ 40g,300,個,5280,17.6,食材,2,97030019,,0
野菜コロッケ 60,野菜コロッケ 60g,200,個,2460,12.3,食材,2,97010025,,0
サクサク衣のメンチかつ 70g,サクサク衣のメンチかつ 70g,160,個,3520,22.0,食材,2,91020174,,0
クリームコロッケ30,徳用クリーミーコーンコロッケ 30g,500,個,5500,11.0,食材,2,91010049,,0
ひれカツ 50,手切りひれカツ 50g,240,個,9240,38.5,食材,2,92020009,,1
ひれカツ 30,ヒレかつ 30ｇ,400,個,8800,22.0,食材,2,97020129,,0
徳用チキンかつ 40,徳用チキンかつ 40ｇ,360,個,5760,16.0,食材,2,97020050,,1
徳用チキンかつ 30g,徳用チキンかつ 30g,480,個,6576,13.7,食材,2,,,0
ササミかつ,ササミかつ,300,個,6600,22.0,食材,2,9702002,,1
徳用ハンバーグ 60,新)得用ハンバーグ 60,240,個,4440,18.5,食材,2,97070045,,1
直火焼ハンバーグ80g,直火焼ハンバーグ 80,150,個,4425,29.5,食材,2,91070080,,0
豆腐ハンバーグ30g,豆腐ハンバーグ  30ｇ,400,個,5320,13.3,食材,2,91070065,,0
豆腐ハンバーグ 50,豆腐ハンバーグ 50g,240,個,5520,23.0,食材,2,91070066,,0
白身フライ 60g,白身フライ 60g,200,枚,4380,21.9,食材,2,97030061,,0
得用サーモンフライ,得用サーモンフライ 50ｇ,300,g,8220,27.4,食材,2,97030133,,0
得あじフライ,あじフライ 50ｇ,240,枚,3072,12.8,食材,2,93030697,,1
あじフライ,得用あじフライ 50ｇ,240,枚,3960,16.5,食材,2,91030052,,1
あじフライ 60g,あじフライ 60g,200,個,4380,21.9,食材,2,91030124,,1
イカ天ぷら 50g,イカ天ぷら 50g,240,個,7512,31.3,食材,2,97050037,,0
鶏天ぷら,鶏天ぷら 梅しそ 40g,300,個,7950,26.5,食材,2,91050039,,1
ミニ手作り春巻,ミニ手作り春巻,400,個,5000,12.5,食材,2,91130005,,0
ジャンボ上野ぎょーざ,ジャンボ上野ぎょーざ  30ｇ,480,個,4896,10.2,食材,2,97130060,,0
ちくわ天ぷら磯辺揚げ,ちくわ天ぷら磯辺揚げ,840,本,6552,7.8,食材,2,92050030,,0
ミニ焼売,ミニ上野しゅーまい 15ｇ,1000,個,5000,5.0,食材,2,97130053,,0
プレーンオムレツ,ふっくらプレーンオムレツ(真空)30g,400,個,5920,14.8,食材,2,97120005,,0
錦糸玉子,錦糸玉子,1000,g,710,0.7,食材,2,92120062,,1
厚焼き玉子,厚焼玉子1/40カット 500g,12000,g,5640,0.5,食材,2,91120035,,0
丸目玉焼（S),丸目玉焼 (S),320,個,7840,24.5,食材,2,92120026,,1
とろーり目玉風オムレツ,とろーり目玉風オムレツ,150,個,4200,28.0,食材,2,97120012,,1
チルド）ゆで玉子,(チルド)ゆで玉子  S,200,個,4700,23.5,食材,2,53200110,,1
蒸し鶏ほぐし,蒸し鶏ほぐし,12000,g,9000,0.8,食材,2,92090044,,0
赤大かまぼこ,赤大かまぼこ5mmスライス,660,g,555,0.8,食材,2,,,1
ひとくち焼き小茄子,ひとくち焼き小茄子,1000,g,550,0.6,食材,2,97200186,,0
笹がきごぼう IQF,笹がきごぼう IQF 1ｋｇ,12000,g,3780,0.3,食材,2,97200068,,1
千切人参 IQF,千切人参 IQF 1kg,12000,g,2700,0.2,食材,2,97200066,,1
スライスレンコン,スライスレンコン S ＩＱＦ,12000,g,3420,0.3,食材,2,97200077,,0
乱切レンコン,乱切レンコン IQF,12000,g,3420,0.3,食材,2,97200075,,1
乱切竹の子,乱切竹の子,10000,g,3700,0.4,食材,2,97200181,,0
乱切ポテト,乱切ポテト IQF,12000,g,2760,0.2,食材,2,79200054,,0
スナップエンドウIQF,スナップエンドウ IQF,12000,g,4740,0.4,食材,2,97200150,,0
むき枝豆,むき枝豆 IQF,12000,g,3540,0.3,食材,2,97200135,,0
五目巾着,五目巾着 20g,360,個,5400,15.0,食材,2,91100065,,0
ロールキャベツ 20g,ロールキャベツ 20ｇ,600,個,6600,11.0,食材,2,91100023,,0
はんぺん チーズ,はんぺん チーズ 25g,480,個,7296,15.2,食材,2,97110049,,0
ミートボール13ｇ,得用ミートボール13ｇ,15000,g,3975,0.3,食材,2,91080009,,0
ミートボール 15,たれ付き ミートボール約15g,800,個,3840,4.8,食材,2,91080011,,1
焼目付鉄板棒餃子,焼目付鉄板棒餃子,480,個,6480,13.5,食材,2,91130037,,0
ニオわなぎょーざ,ニオわなぎょーざ,600,個,4080,6.8,食材,2,97130062,,0
細切り大根漬,細切大根漬,1000,g,110,0.1,食材,2,96210001,,0
細切さくら漬,細切さくら漬,1000,g,110,0.1,食材,2,95210035,,0
華大根,華大根,16000,g,3360,0.2,食材,2,95210068,,0
ごま高菜,ごま高菜,16000,g,3920,0.2,食材,2,95230008,,0
白大根,白大根(ゆず風味),16000,g,3120,0.2,食材,2,95210004,,1
中華春雨,中華春雨,16000,g,5360,0.3,食材,2,95230018,,0
味付ザーサイ,味付ザーサイ,16000,g,5680,0.4,食材,2,65230070,,0
味付山くらげ,味付山くらげ 1kg,16000,g,7920,0.5,食材,2,95230083,,0
れんこんきんぴら,れんこんきんぴら,12000,g,5700,0.5,食材,2,25030033,,0
三色豆,三色豆(小粒),1000,g,235,0.2,食材,2,96220112,,1
切干大根煮,(チルド)切干大根煮,12000,g,5100,0.4,食材,2,25030014,,1
山菜ミックス,山菜ミックス (味付) 1ｋｇ,15000,g,4425,0.3,食材,2,95230048,,1
味付メンマ,味付メンマ 1ｋｇ,16000,g,10000000,625.0,食材,2,95230075,,0
味付山菜ミックス,味付け山菜ミックス,16000,g,5520,0.3,食材,2,9523005,,0
ビビンバ,ビビンバ,16000,g,6320,0.4,食材,2,95230001,,1
辛子明太（ﾏﾀﾞﾗﾊﾞﾗｺ）,マダラバラコ(辛子明太)500g,10000,g,11850,1.2,食材,2,97190087,,0
秋鮭切身 骨取40ｇ,秋鮭切身 骨取(無塩)40ｇ,300,枚,12240,40.8,食材,2,97190632,,0
赤魚切身 CC（無塩）,赤魚切身 CC(無塩),300,枚,8700,29.0,食材,2,97190197,,1
秋鮭切身 25g,秋鮭切身 四つ割骨取(無塩)25g,480,枚,13200,27.5,食材,2,97190631,,0
鮭切身（振り塩）40,鮭切身 CC (振り塩) 40g,300,枚,8940,29.8,食材,2,97190656,,1
特選チリ銀鮭切身,特選銀鮭切身 CC(無塩)70g,160,枚,9120,57.0,食材,2,97190121,,0
秋鮭切身 1,秋鮭切身 骨取(無塩)50ｇ,240,枚,11040,46.0,食材,2,97190394,,1
天然銀鮭切身,天然銀鮭切身 CC(無塩)70g,160,枚,11040,69.0,食材,2,97190524,,0
ホッケ 40ｇ,シマホッケ切身 CC定塩 40ｇ,300,枚,7080,23.6,食材,2,97190201,,1
サバ竜田,サバ竜田 50ｇ,240,個,6312,26.3,食材,2,97040018,,1
ぶり切身,ぶり切身 骨取(無塩) 40g,300,枚,9060,30.2,食材,2,97190403,,0
サワラ西京,サワラ西京(三枚卸腹骨取り) 40g,300,枚,7950,26.5,食材,2,97190126,,1
赤魚切身,赤魚切身 骨取(無塩),300,枚,10140,33.8,食材,2,97190245,,1
さば香り味噌漬,サバ香り味噌漬 40g,300,枚,6450,21.5,食材,2,97190138,,1
NRサバ切身 70ｇ,ＮＲサバ切身 骨取(無塩) 70ｇ,170,枚,10744,63.2,食材,2,97190688,,0
さば切身 骨取,NR サバ切身 骨取(無塩) 40g,600,枚,18600,31.0,食材,2,97190450,,0
骨取ぶり,骨取りぶり照焼味付,300,枚,7950,26.5,食材,2,97190118,,1
秋鮭切身 80g,焼鮭切身 cc (振り塩) 80g,150,枚,8400,56.0,食材,2,97190121,,0
マグロ 尾肉 20ｇ,マグロ尾肉,10000,g,5800,0.6,食材,2,,,0
真イカリング 11ｇ,真イカリング ＩＱＦ 皮付耳無,1000,g,700,0.7,食材,2,,,0
ボイル帆立2S,ボイル帆立2S 約26ｇ,10000,g,11550,1.2,食材,2,97190028,,0
トラウト切身 70ｇ,トラウト切身 ｃｃ 振り塩,170,枚,11016,64.8,食材,2,97190215,,0
業務用特選米,ヒロセ米穀 業務用米,1000,g,240,0.2,食材,3,,,0
押し麦,押し麦 500ｇ,500,g,240,0.5,食材,4,,,1
パーム油,パーム油,18000,ml,2700,0.2,食材,4,,,1
玉子,玉子(Ｓ),210,個,2690,12.8,食材,4,,,1
油,食用油,16500,ml,2700,0.2,食材,4,,,1
十六穀米,十六穀米,180,g,550,3.1,食材,4,,,1
十穀米,十穀米,1000,g,1200,1.2,食材,4,,,1
徳川御膳米,徳川将軍家御膳米 岐阜県輪之内,10000,g,2530,0.3,食材,5,,,1
玄米,玄米,1000,g,300,0.3,食材,4,,,1
黒米,黒米,1000,g,1500,1.5,食材,4,,,1
はつしも 米,岐阜 はつしも,1000,g,230,0.2,食材,6,,,1
グリルハンバーグ30g,RCH グリルハンバーグ冷凍 30g,100,個,1840,18.4,食材,8,760176000,,1
グリルハンバーグ120g,RCH グリルハンバーグ冷凍 120g,50,個,3850,77.0,食材,8,760178000,,1
クリーミーコロッケカニ入り,お店のためのクリーミーコロッケカニ入り冷凍35g,50,個,780,15.6,食材,8,295097000,,1
サクサクコロッケ,ニチレイ 衣がサクサクのコロッケ(牛肉入り)70g,60,個,1440,24.0,食材,8,791665000,,1
なかつ漬け込みだれ,なかつ漬け込みだれ,1000,ml,1311,1.3,食材,9,,,0
ＶＦＪ）豚ロースカツ120g,VFJ) 豚ロースカツ (120),50,枚,3800,76.0,食材,10,21898,,1
（東栄）ロース豚カツ,(東栄)ロース豚カツ 100g,120,個,7320,61.0,食材,10,取寄,,1
（VFJ）白身フライ,(VFJ)白身フライ 60g,100,個,2200,22.0,食材,10,20324,,1
野口 えびフライ,宝幸)えびフライ (特L) 30ｇ,200,尾,4200,21.0,食材,10,20310,,1
神栄） チキンカツ,神栄) チキンカツ(胸肉)カラーパン粉120g,50,枚,4200,84.0,食材,10,2153300,,0
野口  チキンカツ100g,T) DH NEWチキンカツ 100ｇ,30,枚,1800,60.0,食材,10,21554,,0
お惣菜チキンカツ,ヤヨイサンフーズ)お惣菜チキンカツ180g,60,個,6300,105.0,食材,10,21875,,0
チキンかつ 120ｇ,やわらかチキンかつ 120g,1,個,64,64.0,食材,10,21709,,1
ＩＦＡ） 野菜コロッケ 60g,ＩＦＡ) 野菜コロッケ 60g,100,個,1230,12.3,食材,10,21284,,0
野口クリーミィコロッケカニ,クリーミコロッケカニ1.2％入 60％,60,個,1380,23.0,食材,10,21010,,0
黒毛和牛入りメンチカツ,Ｂ)Ｔ黒毛和牛入りメンチ 100g,30,個,2580,86.0,食材,10,21648,,1
ちぬや）ジャンボメンチカツ,ちぬや) ジャンボメンチカツ 140g,30,個,1500,50.0,食材,10,,,0
アスパラクリーミーロール,アスパラクリーミーロール 75,60,個,3120,52.0,食材,10,,,1
グルメ爪フライ,グルメ爪フライ(日本海冷凍) 40g,10,個,550,55.0,食材,10,,,0
ワッフルポテト,ヴェスティ・フーズ・ジャパン)ワッフルポテト,750,g,372,0.5,食材,10,,,0
US)ウェッジカットポテト,VFJ)USウェッジカットポテト,1000,g,320,0.3,食材,10,,,0
MI)惣菜庵（甘酢）あんかけ,MI) 惣菜庵 (甘酢) あんかけ1200g,1200,g,398,0.3,食材,10,10406,,1
惣菜庵 南蛮あんかけ,MI) 惣菜庵 南蛮あんかけ 1180g,1180,g,345,0.3,食材,10,14946,,0
野口 （黒酢）あんかけ,ＭＩ) 惣菜庵 (黒酢) あんかけ 1210,1210,g,560,0.5,食材,10,,,0
甘辛しゅうゆスープの素,鍋＆鍋大陸 甘辛しょうゆスープの素,1210,g,1000,0.8,食材,10,,,1
カゴメトマトガーリックソース,カゴメトマトガーリックソース,465,g,440,0.9,食材,10,,,0
カゴメかけるトマトのソース,カゴメ かけるとまとのソース,465,g,410,0.9,食材,10,,,0
トマトジュレ,キューピー) ジュレ仕立て(トマト酢),300,g,330,1.1,食材,10,,,0
野口 回鍋肉用,(Cook Do)  回鍋肉用  1L,1000,ml,1180,1.2,食材,10,,,0
三島）ごまあえの素,三島)ごまあえの素,500,g,660,1.3,食材,10,,,0
野口）醤油,Mサンビシ)ハンディ特級,1800,ml,230,0.1,食材,10,,,0
ミツカン追いがつお,ミツカン 追いがつお,1800,ml,580,0.3,食材,10,,,0
野口）料理酒,富永)ジェフダプラス 料理酒  1．8Ｌ,1800,ml,300,0.2,食材,10,,,0
野口）穀物酢,ＪＦＤＡ ＰＬＵＳ 穀物酢  1．8Ｌ,1800,ml,265,0.1,食材,10,,,0
野口 みりん,ジェフダプラスみりん風調味料,1800,ml,325,0.2,食材,10,,,0
野口 調合胡麻油 ポリ,JEFD)調合ごま油 ポリ,1500,ml,1180,0.8,食材,10,,,0
カンタン酢,ＭＩ)カンタン酢,1000,ml,480,0.5,食材,10,,,0
野口 中濃ソース,野口 中濃ソース (特級)1.8L,1800,ml,390,0.2,食材,10,,,0
JFDA すし酢,ＪＦＤＡ すし酢,1800,ml,630,0.4,食材,10,,,0
ジェフダオリーブオイル,ＪＦＤＡ ＥＸバージンオリーブオイル,1000,ml,645,0.6,食材,10,,,0
IFA 四川豆板醤,JEFD) 豆板醤 1ｋｇ,1000,g,495,0.5,食材,10,,,0
野口 コチュジャン,ユウキ コチュジャン,1000,g,780,0.8,食材,10,,,0
ジェフダおろし生姜,ジェフダ おろし生姜,1000,g,705,0.7,食材,10,,,0
野口 はちみつ,朝日)純粋はちみつ,1000,g,590,0.6,食材,10,,,0
塩麹,ハナマルキ業務用液体塩こうじ,500,ml,290,0.6,食材,10,,,0
SB)きざみパクチー,SB) きざみパクチー,290,g,750,2.6,食材,10,,,1
徳用デミグラソース,HZ) 徳用デミグラソース 1号缶,3000,g,1180,0.4,食材,10,,,0
カゴメトマトソース,カゴメ トマトソース 1号缶,3000,g,1130,0.4,食材,10,,,1
[不使用]カゴメ）スーゴディポモドーロ,[不使用]カゴメ)スーゴディポモドーロ,2550,g,1180,0.5,食材,10,,,1
ジャンボパウチ ミートソース,MCC) ジャンボパウチ ミートソース,3000,g,1250,0.4,食材,10,,,0
MCC)ベシャメルソース,MCC)ベシャメルソース,1000,g,620,0.6,食材,10,,,1
オマールソースベース,ＱＰ オマールソースベース,500,g,860,1.7,食材,10,,,0
ジューシーVSバーグ,B)ジューシーVSバーグ(100),50,個,2150,43.0,食材,10,,,0
クエストバーグ,日東ベスト)クエストバーグ 100g,50,個,4950,99.0,食材,10,,,1
ディッシュハンバーグ,ニチレイ)やわらかディッシュハンバーグ100g,120,個,7200,60.0,食材,10,,,1
カントリーハンバーグ120g,日東ベスト)カントリーハンバーグ120g,50,個,4350,87.0,食材,10,,,0
野口 網目ハンバーグ,野口 網目ハンバーグ 160g,30,個,2880,96.0,食材,10,,,0
エビ conical,エビconical,120,個,3360,28.0,食材,10,,,1
五穀団子,五穀団子,500,g,395,0.8,食材,10,,,1
生湯葉包み,生湯葉包み(海老とたけのこ),200,個,6400,32.0,食材,10,,,1
野口目玉,QP)SM目玉焼き風まるオムレツ 35ｇ,100,枚,2750,27.5,食材,10,,,0
定塩銀サケ 40ｇ,定塩銀サケ 40ｇ,1,切,29,29.0,食材,10,,,1
定塩トラウト鮭25ｇ,定塩トラウト 25ｇ,1,切,19,19.0,食材,10,,,1
赤魚西京,AM)赤魚西京漬  80ｇ,400,枚,38800,97.0,食材,10,,,0
さばフィーレ40,さばフィーレ 40,1,枚,94,94.0,食材,10,,,1
さば切り身40g,さば切り身40g,300,枚,9000,30.0,食材,10,,,1
PIUS助宗タラ切身,PIUS助宗タラ切身,5,枚,315,63.0,食材,10,,,0
ＡＦ）カットインゲン,フェイス)インゲンカット,500,g,170,0.3,食材,10,,,0
IFA)レンコン乱切り,(IFA)レンコン乱切り,500,g,160,0.3,食材,10,,,1
たけのこ乱切り,(大洋A＆F)たけのこ乱切り,10000,g,2800,0.3,食材,10,,,1
野口 しいたけ,IFA) 冷凍椎茸ホール(M) 500ｇ,500,g,235,0.5,食材,10,,,1
野口 ブロッコリー,TOE) ブロッコリー IQF 500g,500,g,215,0.4,食材,10,,,0
野口 きぬさや,ＩＦＡ) 中国産きぬさや,500,g,270,0.5,食材,10,,,0
ＩＷ）カットアスパラ,IW) カットアスパラ(中国産),500,g,480,1.0,食材,10,,,1
カリフラワー,フェイス)カリフラワー,500,g,145,0.3,食材,10,,,0
野口 アスパラ,大洋AF) グリーンアスパアラ M,500,g,570,1.1,食材,10,,,0
きのこミックス,神栄)中国きのこミックス,500,g,245,0.5,食材,10,,,0
飾り人参,三島) 飾り人参 (桜),70,g,285,4.1,食材,10,,,1
菜の花,フラッシュアイ)自然解凍シリーズ菜の花,500,g,205,0.4,食材,10,,,0
野口 ミックスベジ,IW)ミックスベジタブル (USA),1000,g,295,0.3,食材,10,,,0
ＩＦＡ 味付ザーサイ,ＩＦＡ 味付ザーサイ  1㎏,1000,g,765,0.8,食材,10,,,1
アーベストビビンバ,アーベストビビンバ,1000,g,545,0.5,食材,10,,,0
4種豆のミックス,4種豆のミックス,1000,g,715,0.7,食材,10,,,0
ミックスビーンズ,ＱＰ) ほしえぬ ミックスビーンズ,1000,g,650,0.7,食材,10,,,0
カリカリ小梅,IFA) カリカリ小梅 (S) 1ｋｇ,1000,g,680,0.7,食材,10,,,0
マルカン）紅生姜,JEFD)紅生姜(N),1000,g,310,0.3,食材,10,,,0
福神漬,福神漬,1000,g,130,0.1,食材,10,,,0
（河鶴）桜漬,(河鶴)桜漬,2000,g,200,0.1,食材,10,,,1
（河鶴）千切沢庵,(河鶴)千切沢庵,2000,g,200,0.1,食材,10,,,1
ヤングコーン缶,ヤングコーン缶 3号缶,21,本,175,8.3,食材,10,,,0
シャキッとコーン,はごろも)シャキッとコーンEO,285,g,125,0.4,食材,10,,,0
わかめごはんの素,ＪＦＤＡわかめごはんの素 300ｇ,300,g,690,2.3,食材,10,,,0
三島）ゆかり,野口 三島)ゆかり,200,g,505,2.5,食材,10,,,0
バター醤油ピラフ,三島)ビュッフェごはんベース バター醤油ピラフ,700,g,1020,1.5,食材,10,,,0
桜えびごはんの素,三島) ビュッフェごはんベース桜えびの香り,500,g,1020,2.0,食材,10,,,0
黒胡麻,JFDA  煎り胡麻 (黒),1000,g,610,0.6,食材,10,,,1
白胡麻,JFDA 煎りごま (白),1000,g,610,0.6,食材,10,,,1
IFA) 片栗粉,IFA) 北海道産片栗粉,1000,g,227,0.2,食材,10,,,0
JFDA 薄力粉,ＪＦＤＡ 薄力粉 きさらぎ,1000,g,165,0.2,食材,10,,,0
野口）カレーフレーク (中辛,SB)とろけるカレーフレーク中辛,1000,g,550,0.6,食材,10,,,0
SB)カレーフレーク辛口,SB)とろけるカレーフレーク辛口,1000,g,650,0.7,食材,10,,,0
金柑 S,GFC) 黄金きんかｎ S,55,個,1225,22.3,食材,10,,,0
アーモンドスライス,GFC)  アーモンドスライス,500,g,1630,3.3,食材,10,,,0
パンプキンサラダ,ケンコー)パンプキンサラダ,1000,g,605,0.6,食材,10,,,0
スタッフドオリーブ,SO) スタッフドオリーブ,230,g,340,1.5,食材,10,,,0
きな粉,みたけ  きな粉,1000,g,420,0.4,食材,10,,,1
パンプキンシート,パンプキンシート (生),1000,g,2650,2.7,食材,10,,,0
フライドレンコン,ＱＰ フライドレンコン,100,g,625,6.3,食材,10,,,0
カシューナッツ,ヨコカン  カシューナッツ,420,g,1090,2.6,食材,10,,,0
野口 スパゲティー,VFJ)スパゲティー(1.6mm),1000,g,212,0.2,食材,10,,,0
ペンネ,ＩＦＡ ラティーニ ペンネ,1000,g,230,0.2,食材,10,,,0
ジェフダマヨネーズ,ジェフダプラスマヨタイプ50,1000,g,300,0.3,食材,10,,,1
JFDA タルタルソース,JFDA タルタルソース,1000,g,420,0.4,食材,10,,,0
野口 緑豆春雨,緑豆春雨(18ｃｍカット),500,g,260,0.5,食材,10,,,0
弁当用焼海苔,弁当用焼海苔(1/2)  100枚束,100,枚,760,7.6,食材,10,,,0
QP) 青じそドレッシング,ＱＰ) ノンオイルドレ(青じそ) 15ml,1,個,9,9.0,食材,10,,,0
野口 小袋醤油,ＹＭＳ) 本醸造醤油ミニパック,100,個,200,2.0,食材,10,,,0
理研農産）キャノーラ油,理研農産) キャノーラ油,16500,g,2440,0.1,食材,10,,,1
ゆず入りきのこ囃子,ゆず入りきのこ囃子,1000,g,1070,1.1,食材,10,,,0
大根と蒸し鶏の怪味ソースサラダ,F120大根と蒸し鶏の怪味ソースサラダ,900,g,875,1.0,食材,10,,,0
冷凍彩りアスパラお浸し,冷凍彩りアスパラお浸し,500,g,540,1.1,食材,10,,,0
唐揚げ（食研粉120g）,食研粉使用120→別紙詳細,1,個,59,59.0,食材,11,,,0
唐揚げ（食研粉140g）,食研粉使用140→別紙詳細,1,個,71,71.0,食材,11,,,0
外買 パン,外買パン,8,枚,108,13.5,食材,12,,,0
唐揚げ（仕込み120g）,唐揚げ(仕込み120g)→別紙詳細,1,個,61,61.0,食材,11,,,0
唐揚げ（仕込み140g）,唐揚げ(仕込み140g)→別紙詳細,1,個,69,69.0,食材,11,,,0
豚バラスライス 2.0,豚バラスライス 2.0mm,1000,g,620,0.6,食材,13,,,0
豚バラスライス 2.5,豚バラスライス 2.5mm,1000,g,620,0.6,食材,13,,,0
豚バラスライス 3.0,豚バラスライス 3.0mm,1000,g,620,0.6,食材,13,,,0
もち豚うで,もち豚 うで,1000,g,780,0.8,食材,13,,,0
豚小間,豚小間,1000,g,580,0.6,食材,13,,,0
豚挽き,豚挽き,1000,g,480,0.5,食材,13,,,0
豚肩細切り,豚うで千切り,1000,g,650,0.7,食材,13,,,0
豚肩ロース,豚肩ロース,1000,g,650,0.7,食材,13,,,0
豚ロース,豚ロース,1000,g,750,0.8,食材,13,,,0
豚ももスライス,豚ももスライス,1000,g,650,0.7,食材,13,,,0
鶏小間,鶏モモ小間,1000,g,460,0.5,食材,13,,,0
国産鶏もも,国産 鶏もも,1000,g,850,0.9,食材,13,,,0
鶏ももカット20g,鶏ももカット  20g,1000,g,420,0.4,食材,13,,,0
鶏ももカット30,鶏ももカット30,1000,g,410,0.4,食材,14,,170216に小田島から変更,0
鶏ももカット145,鶏ももカット145g,1000,g,460,0.5,食材,13,,,0
鶏ももカット175,鶏ももカット175,1000,g,460,0.5,食材,13,,,0
鶏ももブロック,鶏ももブロック,2000,g,420,0.2,食材,13,,,0
鶏ムネ,鶏ムネ,1000,g,330,0.3,食材,13,,,0
鶏ムネ（皮無し）,鶏ムネ(皮無し),1000,g,360,0.4,食材,13,,,0
鶏モモ切身35ｇ,鶏モモ切身35ｇ,1000,g,420,0.4,食材,13,,,0
手羽元,手羽元,1000,g,470,0.5,食材,13,,,1
唐揚げ,鶏もも唐揚げ,1000,g,480,0.5,食材,13,,,0
鶏竜田,鶏竜田,33,個,580,17.6,食材,13,,,1
鶏挽き,鶏挽き,1000,g,330,0.3,食材,13,,,0
合挽肉,合挽肉,1000,g,800,0.8,食材,13,,,0
ラム,ラム,1000,g,1350,1.4,食材,13,,,1
三元豚,三元豚,1000,g,1000,1.0,食材,13,,,0
牛バラスライス,牛バラスライス,1000,g,850,0.9,食材,13,,,0
牛小間,牛小間,1000,g,550,0.6,食材,13,,,0
牛肩ロース,牛肩ロース,1000,g,950,1.0,食材,13,,,0
ピートロ（豚トロ）,ピートロスライス,1000,g,950,1.0,食材,13,,,0
軟骨挽き,鶏ナンコツ挽き,1000,g,900,0.9,食材,13,,,1
ハンバーグシート,ハンバーグシート,1000,g,395,0.4,食材,13,,,1
鴨ムネ,鴨ムネ,1000,g,1550,1.6,食材,13,,,1
鴨パストラミ,鴨パストラミ,1000,g,1400,1.4,食材,13,,,0
ベーコン,ショルダーベーコン,1000,g,980,1.0,食材,13,,,0
ハム,ハム 2ｍｍ,1000,g,1300,1.3,食材,13,,,0
牛ロース,リブロース,1000,g,2400,2.4,食材,13,,,0
ウィンナー,ポークウィンナー,1000,g,900,0.9,食材,13,,,1
麻婆豆腐のたれ,麻婆豆腐のたれ 2ｋｇ,2000,g,765,0.4,食材,15,,,1
チリソース,チリソース 2kg,2000,g,765,0.4,食材,15,,,0
スタミナ焼肉のたれ,スタミナ焼肉のたれ,2000,g,765,0.4,食材,15,,,0
生姜焼きのたれ,生姜焼きのたれ,2000,g,765,0.4,食材,15,,,0
塩だれ,塩だれ,2000,g,765,0.4,食材,15,,,0
肉味噌風そぼろ,肉味噌風そぼろ,2000,g,860,0.4,食材,15,,,0
胡麻の旨たれ,胡麻の旨たれ,2000,g,860,0.4,食材,15,,,1
てりやきソース,ぬってり照り焼きのたれ,2000,g,765,0.4,食材,15,,,0
万能胡麻だれ,万能胡麻だれ,2000,g,700,0.4,食材,15,,,1
酢豚のたれ,酢豚のたれ,2000,g,750,0.4,食材,15,,,1
オニオンソース,オニオンソース,2000,g,840,0.4,食材,15,,,1
回鍋肉のたれ,回鍋肉のたれ 2kg,2000,ml,800,0.4,食材,15,,,1
バジルオイル,バジルオイル,700,g,875,1.3,食材,15,,,1
しょうゆ 3g,しょうゆ 3g,5000,個,7250,1.5,食材,15,,,1
中濃ソース 5g,中濃ソース 5g,3000,袋,5100,1.7,食材,15,,,0
醤油 5g,醤油 5g,3000,袋,5100,1.7,食材,15,,,1
餃子のたれ 3g,餃子のたれ 3g,3000,袋,5400,1.8,食材,15,,,0
焙煎ごま入り かつソース7ｇ,焙煎ごま入り かつソース7ｇ,2000,袋,6000,3.0,食材,15,,,1
柚子塩,柚子塩,1800,袋,4680,2.6,食材,15,,,1
しょうゆ ドレッシング,しょうゆ ドレッシング 4g,1500,袋,6225,4.2,食材,15,,,1
中華ドレッシング,中華ドレッシング,1500,袋,6225,4.2,食材,15,,,1
フレンチドレッシング白,フレンチドレッシング白,1500,袋,6225,4.2,食材,15,,,1
フレンチドレッシング赤,フレンチドレッシング赤,1500,袋,6225,4.2,食材,15,,,1
ノンオイル青じそドレッシング,ノンオイル青じそドレッシング,1500,袋,6525,4.4,食材,15,,,1
イタリアンドレッシング,イタリアンドレッシング,1500,袋,6225,4.2,食材,15,,,1
サウザンアイランドドレッシング,サウザンアイランドドレッシング,1500,袋,6225,4.2,食材,15,,,1
深煎りごまドレッシング,深煎りごまドレッシング4ｇ,1500,袋,6525,4.4,食材,15,,,1
マヨネーズ 4ｇ,マヨネーズ 4ｇ,1500,個,6525,4.4,食材,15,,,1
おろし大根ポン酢 10ｇ,おろし大根ポン酢 10ｇ,1000,袋,5900,5.9,食材,15,,,0
ポン酢しょうゆ4ｇ,ポン酢しょうゆ 4ｇ,1500,袋,5100,3.4,食材,15,,,1
ポン酢しょうゆ9ｇ,ポン酢しょうゆ 9ｇ,1000,袋,5400,5.4,食材,15,,,1
しょうゆドレッシング4ｇ,しょうゆドレッシング 4ｇ,1500,袋,6225,4.2,食材,15,,,1
しょうゆドレッシング7ｇ,しょうゆドレッシング 7ｇ,1000,袋,5300,5.3,食材,15,,,1
中華ドレッシング4ｇ,中華ドレッシング 4ｇ,1500,袋,6225,4.2,食材,15,,,1
中華ドレッシング7ｇ,中華ドレッシング 7ｇ,1000,袋,5300,5.3,食材,15,,,1
深煎りごまドレッシング 15g,深煎りごまドレッシング 15g,1200,袋,10440,8.7,食材,15,,,0
タルタルソース 7ｇ,タルタルソース 7ｇ,1000,袋,6650,6.7,食材,15,,,1
マヨネーズ 7g,マヨネーズ 7g,1000,袋,5600,5.6,食材,15,,,1
めんつゆストレート 60ｇ,めんつゆストレート 60ｇ,280,袋,3920,14.0,食材,15,,,1
ごまめんつゆストレート,ごまめんつゆストレート 20ｇ,100,袋,870,8.7,食材,15,,,1
グリーンカール,グリーンカール L,1050,g,360,0.3,食材,16,,1個350g換算,0
サニーレタスAL,サニーレタス AL,350,g,140,0.4,食材,16,,1個350g換算,0
サニーレタス,サニーレタス L,1000,g,650,0.7,食材,16,,1個200g換算,1
レタス,レタス,400,g,140,0.4,食材,16,,,0
キャベツ,キャベツ 2L,1000,g,200,0.2,食材,16,,1個1000g換算,0
かぼちゃ,かぼちゃ,1300,g,450,0.3,食材,16,,1個１３００ｇ,0
たまねぎ,むきたまねぎ,1000,g,120,0.1,食材,16,,1個２８０ｇ,0
大根,大根 3L,1200,g,300,0.3,食材,16,,1本1200g換算,0
長ネギ,長ネギ (1本：100ｇ),1000,g,190,0.2,食材,16,,1本１００ｇ,0
白菜,白菜 大,1500,g,430,0.3,食材,16,,1個1500g換算,0
なす,茄子(20ｃｍ),80,g,52,0.7,食材,16,,1本80g換算5本,0
にんじん,にんじん 大(1本：270ｇ),1000,g,110,0.1,食材,16,,1本２７０ｇ,0
ピーマン,ピーマン,1000,g,450,0.5,食材,16,,,0
にんにくの芽,にんにくの芽,100,g,45,0.5,食材,16,,,1
にら,にら,100,g,65,0.7,食材,16,,1束100g換算,0
アスパラ,アスパラ,1000,g,2500,2.5,食材,16,,,1
ししとう,ししとう,30,本,190,6.3,食材,16,,1pc30本,0
さつまいも,さつまいも,1000,g,260,0.3,食材,16,,,0
レモン,レモン,1,個,65,65.0,食材,16,,,0
小ねぎ,小ねぎ,100,g,100,1.0,食材,16,,1束100g換算,0
水菜,水菜,200,g,90,0.5,食材,16,,1袋200g換算,0
かいわれ大根,かいわれ大根,50,g,38,0.8,食材,16,,1パック,0
生パセリ,パセリ 大,1,pc,150,150.0,食材,16,,,0
チンゲン菜,チンゲン菜,260,g,88,0.3,食材,16,,１ｐｃ2束,0
しそ(大葉）,しそ,100,枚,650,6.5,食材,16,,,0
えのき,えのき,1000,g,240,0.2,食材,16,,,0
しいたけ,しいたけ,1,個,33,33.0,食材,16,,１PC６個換算,0
しめじ,しめじ,1000,g,840,0.8,食材,16,,,0
まいたけ,まいたけ,150,g,130,0.9,食材,16,,１PC150g換算,0
エリンギ,エリンギ,130,g,110,0.8,食材,16,,,0
砂糖 上白糖,砂糖 上白糖,1000,g,178,0.2,食材,16,,,0
油揚げ,油揚げ,1,枚,13,13.0,食材,16,,,1
木綿豆腐,木綿豆腐,400,g,28,0.1,食材,16,,,0
焼豆腐,焼豆腐,300,g,110,0.4,食材,16,,,0
厚揚げ,厚揚げ,175,g,98,0.6,食材,16,,,1
黒こんにゃく,黒こんにゃく,1,pc,55,55.0,食材,16,,,1
こんにゃく,こんにゃく,1,枚,50,50.0,食材,16,,,1
ねじりこんにゃく,ねじりこんにゃく,16,本,58,3.6,食材,16,,1pc/1６本入り,1
白滝1000g,白滝100g,1000,g,188,0.2,食材,16,,,0
糸こんにゃく,糸こんにゃく,1000,g,220,0.2,食材,16,,,1
ヤングコーン,ヤングコーン,8,本,140,17.5,食材,16,,,0
ごぼう,ごぼう,1,本,38,38.0,食材,16,,,0
スナップエンドウ,スナップエンドウ,1000,g,840,0.8,食材,16,,,1
絹さや,絹さや,1500,g,550,0.4,食材,16,,,0
サラダ用ほうれん草,サラダ用ほうれん草,1000,g,1500,1.5,食材,16,,,0
ベビーリーフ,ベビーリーフ,450,g,1400,3.1,食材,16,,,1
レッドオニオン,レッドオニオン(赤玉ねぎ),1000,g,300,0.3,食材,16,,,0
きゅうり,きゅうり(1本100ｇ),1000,g,400,0.4,食材,16,,１本１００g,0
ブロッコリー,ブロッコリー,1000,g,450,0.5,食材,16,,,1
ミニトマト,ミニトマト2Ｓ(サラダ用),28,個,170,6.1,食材,16,,,0
プチトマト,プチトマト,28,個,200,7.1,食材,16,,,0
トマト大2L,トマト 2L,250,g,100,0.4,食材,16,,,0
パプリカ（黄）,パプリカ(黄),150,g,190,1.3,食材,16,,1個30g換算,0
パプリカ（赤）,パプリカ(赤),250,g,120,0.5,食材,16,,1個30g換算,0
赤ピーマン,赤ピーマン,1000,g,1500,1.5,食材,16,,,0
青とうがらし,青とうがらし,1000,g,1180,1.2,食材,16,,200g34本換算1本6g,0
とうもろこし,とうもろこし,1,本,130,130.0,食材,16,,,0
香菜,香菜,1,個,350,350.0,食材,16,,,0
アボカド,アボカド,230,g,175,0.8,食材,16,,,0
ローズマリー,ローズマリー,24,g,129,5.4,食材,16,,,0
牛乳,牛乳,1000,ml,170,0.2,食材,16,,,0
ブロッコリースプラウト,ブロッコリースプラウト,100,g,120,1.2,食材,16,,,0
九条ネギ,九条ネギ,300,g,250,0.8,食材,16,,,0
ラディッシュ,ラディッシュ,100,g,120,1.2,食材,16,,,0
クレソン,クレソン,100,g,190,1.9,食材,16,,,0
豆苗,豆苗,100,g,95,1.0,食材,16,,,0
しょうが,しょうが,1000,g,280,0.3,食材,16,,,0
紫きゃべつ,赤キャベツ,850,g,230,0.3,食材,16,,,0
すだち,すだち,1,個,100,100.0,食材,16,,,0
温泉卵,温泉卵,10,個,300,30.0,食材,16,,,0
ほうれん草,ほうれん草,100,g,100,1.0,食材,16,,,1
レンコン,レンコン,1000,g,385,0.4,食材,16,,,1
新） キムチ,キムチ,1000,g,450,0.5,食材,16,,,0
パクチー,パクチー,100,g,200,2.0,食材,16,,,0
セロリ,セロリ,200,g,190,1.0,食材,16,,,0
バジル,バジル,500,g,1800,3.6,食材,16,,,0
ぬか漬けセット,ぬか漬けセット,60,個,1200,20.0,食材,16,,,1
オレンジ,オレンジ,1,個,45,45.0,食材,16,,,0
ゴーヤ,ゴーヤ 3Ｌ,150,g,160,1.1,食材,16,,,1
ズッキーニ,ズッキーニ,215,g,130,0.6,食材,16,,,0
じゃがいも,じゃがいも 大,1000,g,170,0.2,食材,16,,,0
もやし,もやし,1000,g,100,0.1,食材,16,,1p/c250g,0
キャベツ3L,キャベツ 3L,1,個,250,250.0,食材,16,,,1
りんご,りんご,300,g,115,0.4,食材,16,,,0
パイナップル,パイナップル,1,個,580,580.0,食材,16,,,0
オレンジ10個,オレンジ,10,個,800,80.0,食材,16,,,0
グレープフルーツ ホワイト,グレープフルーツ,10,個,800,80.0,食材,16,,,0
グレープフルーツ ルビー,グレープフルーツ 赤,10,個,1100,110.0,食材,16,,,0
キウイ,キウイ,1,pc,315,315.0,食材,16,,1pc5個入り,0
ミント  スペア,ミント  スペア,1,pc,170,170.0,食材,16,,,0
ミント  ペパー,ミント  ペパー,1,pc,190,190.0,食材,16,,,0
セルフィーユ,セルフィーユ,1,pc,150,150.0,食材,16,,,0
ライム,ライム,1,個,130,130.0,食材,16,,,0
種なしぶどう,種なしぶどう,1,pc,480,480.0,食材,16,,,0
種ありぶどう,種ありぶどう,1,pc,290,290.0,食材,16,,,0
いちご,いちご とちおとめ,1,pc,580,580.0,食材,16,,,0
イタリアンパセリ,イタリアンパセリ,1,pc,150,150.0,食材,16,,,0
ペパーミント,ペパーミント,1,pc,420,420.0,食材,16,,,0
唐揚げの素,から揚げの素 Ｎｏ1,2000,g,540,0.3,食材,17,,,0
焼肉のたれ炭香,焼肉のたれ炭香,2000,g,1600,0.8,食材,17,,,0
コチュジャンダレ,焼肉のたれ コチュジャンダレ,2000,ml,1610,0.8,食材,17,,,0
山賊焼のたれ,山賊焼のたれ,2000,ml,1280,0.6,食材,17,,,0
ねぎ味噌炒めのたれ,豚のねぎ味噌炒めのたれ 2kg,2000,g,1300,0.7,食材,17,,,0
焼肉のたれ彩,焼肉のたれ彩 2000g,2000,g,1610,0.8,食材,17,,,1
チンジャオロースソース,青椒肉糸糸ソース 2000g,2000,g,1300,0.7,食材,17,,,1
大根おろしソース,大根おろしソース 2kg,2000,g,1610,0.8,食材,17,,,0
みぞれ煮のたれ,みぞれ煮たれ,2000,g,1550,0.8,食材,17,,,1
麻婆ソース,麻婆ソース 2000g,2000,g,1410,0.7,食材,17,,,0
中華味噌炒めソース,中華味噌炒めソース 2000g,2000,g,1300,0.7,食材,17,,,1
味噌煮のたれ,味噌煮のたれ 2000g,2000,g,1080,0.5,食材,17,,,1
トマトソース,トマト煮込みソース,2000,ml,1400,0.7,食材,17,,,0
うなぎのたれスペシャル,うなぎのたれスペシャル,2000,g,1260,0.6,食材,17,,,0
ぬったれ,ぬったれ 2000g,2000,g,960,0.5,食材,17,,,1
デミグラス煮込みソース,デミグラス煮込みソース2㎏(6本),2000,g,1400,0.7,食材,17,,,1
ねぎ塩だれ,ねぎ塩だれ炭火風 1800g,1800,g,1000,0.6,食材,17,,,1
塩だれ 1.8kg,塩だれ 1.8kg,1800,g,1390,0.8,食材,17,,,1
D 塩だれ,D 塩だれ 1LR,1000,g,730,0.7,食材,17,,,1
手羽先甘辛揚げのたれ,手羽先甘辛揚げのたれ 1L,1000,ml,560,0.6,食材,17,,,1
すりおろし野菜ドレッシング,すりおろし野菜ドレッシング 1L,1000,ml,530,0.5,食材,17,,,0
バンバンジーのたれ,Sp.バンバンジー 1000ｍｌ,1000,ml,585,0.6,食材,17,,,1
チャプチェの素,チャプチェの素 1100g,1100,g,850,0.8,食材,17,,,1
バジルソテーオイル,鶏ももバジルソテーオイル 700g,700,g,1100,1.6,食材,17,,,0
レモンペッパー焼オイル,レモンペッパー焼オイル 700gR,700,g,1150,1.6,食材,17,,,0
きざみオニオンソース,D きざみオニオンソース700ml(12本),700,ml,775,1.1,食材,17,,,0
香味焼オイル青紫蘇風味,香味焼オイル青紫蘇風味 700g,700,g,1250,1.8,食材,17,,,0
パセリバターグリルオイル,パセリバターグリルオイル 700g,700,g,1420,2.0,食材,17,,,0
香味焼オイル山椒風味,香味焼オイル山椒風味 700g,700,g,1480,2.1,食材,17,,,0
ゆずこしょうだれ,Dゆずこしょうだれ 700ml,700,ml,735,1.1,食材,17,,,1
牛モモステーキソース,牛モモステーキオイルソース 700g,700,g,1420,2.0,食材,17,,,1
梅だれ,梅だれ700ｍｌ,700,ml,735,1.1,食材,17,,,1
タンドリーチキンオイル,タンドリーチキンオイル 700g,700,g,1300,1.9,食材,17,,,0
キムチ鍋スープ,キムチ鍋スープ 720g(精肉),720,g,186,0.3,食材,17,,,1
天丼のたれ,天丼のたれ,600,g,440,0.7,食材,17,,,0
マヨカルパッチョソース,マヨカルパッチョソース550ｇ,550,g,520,0.9,食材,17,,,0
焼き込みチーズソース,焼き込みチーズソース 400g,400,g,375,0.9,食材,17,,,0
エビマヨソース,エビマヨソース400g,400,g,375,0.9,食材,17,,,1
食研 アボガドソース,アボガドクリームソース 400g,400,g,470,1.2,食材,17,,,0
かにたっぷりあんかけ,かにたっぷりあんかけRT 500g,500,g,479,1.0,食材,17,,,0
サルサソース,サルサソース,500,g,440,0.9,食材,17,,,0
七味焼の素,七味焼の素 500g,500,g,585,1.2,食材,17,,,1
ジャージャー麺の素,ジャージャー麺の素RT500g,500,g,565,1.1,食材,17,,,0
浅漬けの素,D浅漬けの素 500g,500,g,860,1.7,食材,17,,,1
海鮮西京味噌,海鮮西京味噌 1000g,1000,g,480,0.5,食材,17,,,0
ごま和えの素,ごま和えの素 500g,500,g,715,1.4,食材,17,,,1
辛子和えの素,辛子和えの素 50g,50,g,80,1.6,食材,17,,,1
ドライカレーの素,ドライカレーの素 600ｇ,600,g,750,1.3,食材,17,,,1
チキンライスの素,チキンライスの素 600g,600,g,750,1.3,食材,17,,,1
おにぎりの素 ひじき,おにぎりの素 ひじき 250g,250,g,680,2.7,食材,17,,,0
カリカリ梅,おにぎりの素 カリカリ梅,500,g,750,1.5,食材,17,,,0
十八雑穀ごはんの素,十八雑穀ごはんの素,100,g,230,2.3,食材,17,,,1
あさりめしの素,あさり飯の素  500ｇ  冷凍,500,g,650,1.3,食材,17,,,0
野沢菜ごはんの素,野沢菜ごはんの素  500ｇ,500,g,750,1.5,食材,17,,,0
豆サラダ 500g,豆サラダ 500g,500,g,475,1.0,食材,17,,,0
ひじきサラダ,ひじきサラダ  500ｇ,500,g,600,1.2,食材,17,,,0
彩り野菜ミックス,彩り野菜ミックス,500,g,430,0.9,食材,17,,,0
アボガドカット,アボカドカット  500ｇ,500,g,800,1.6,食材,17,,,1
食研 ほぐし鶏,ほぐし鶏,500,g,525,1.1,食材,17,,,1
食研 中華くらげ,中華くらげ,500,g,725,1.5,食材,17,,,1
ふきの煮物,ふきの煮物 1.2kg,1200,g,1000,0.8,食材,17,,,0
ピリ辛こんにゃく,ピリ辛こんにゃく  950g,950,g,570,0.6,食材,17,,,0
レンコン梅肉和え,れんこん梅肉和え,1000,g,1200,1.2,食材,17,,,0
5種のきのこミックス,きのこミックス(5種),1200,g,1400,1.2,食材,17,,,0
姫竹の塩こうじ味噌和え,姫竹の塩こうじ味噌和え 1㎏,1000,g,1200,1.2,食材,17,,,0
舞茸水煮,舞茸水煮 1200g,1200,g,1250,1.0,食材,17,,,0
湯葉巻,湯葉巻(えび入り)45g冷凍,240,個,16800,70.0,食材,17,,,0
揚げ豆腐,揚げ豆腐(野菜入)75g冷凍,160,個,10400,65.0,食材,17,,,0
白身フリッター,白身魚フリッター,1000,g,1350,1.4,食材,17,,,1
ごろごろ野菜ミックス,ごろごろ野菜ミックス 冷凍,1000,g,790,0.8,食材,17,,,1
まぐろ串カツ 25g,まぐろ串カツ 25g,200,個,6000,30.0,食材,17,,,0
チーズかりかり揚げ,チーズかりかり揚げ 1㎏  冷凍,1000,g,2100,2.1,食材,17,,,0
えびフライ有頭 冷凍,えびフライ有頭 冷凍,10,尾,1550,155.0,食材,17,,,1
食研つゆ,食研つゆ 18LBIB,18000,ml,7740,0.4,食材,17,,,0
食研しらだし,食研しらだし,1000,ml,590,0.6,食材,17,,,0
煮物のたれ,煮物のたれ 10kgR,10000,g,4300,0.4,食材,17,,,1
小袋 梅（うめ）だれ,梅だれ 小袋 30g,100,個,2300,23.0,食材,17,,,0
とんかつソース 20g,とんかつソース 20g,100,個,1400,14.0,食材,17,,,0
ミニマスタード 2g,ミニマスタード  2g,500,個,1265,2.5,食材,17,,,0
カットケーキ（3種アソート）,カットケーキ(3種アソート)冷凍A,162,個,4650,28.7,食材,17,,,1
牛タンのパイ巻き,牛タンのパイ巻き600g 冷凍,600,g,2050,3.4,食材,17,,,1
合鴨スモーク（スライス）,合鴨スモーク(スライス) 200g 冷凍A,1000,g,3150,3.2,食材,17,,,0
スパイシーミートテリーヌ,スパイシーミートテリーヌ600g冷凍,600,g,1400,2.3,食材,17,,,1
チーズ入りミートテリーヌ,チーズ入りミートテリーヌ700g冷凍,700,g,2200,3.1,食材,17,,,1
スモークサーモン,スモークサーモン 500g 冷凍,500,g,1550,3.1,食材,17,,４８～６８枚,1
ローストビーフ冷凍,ローストビーフ 冷凍,5000,g,3950,0.8,食材,17,,,0
ミートローフ,ミートローフ 40～50枚,500,g,1150,2.3,食材,17,,,1
車麩,車麩,12,枚,380,31.7,食材,17,,,1
箸,既制完封箸 竹柄8寸 妻楊枝入,20000,本,33400,1.7,弁当備品,18,,,0
ﾋﾞﾆｰﾙ袋,ニューポリ003No.15 紐付,1000,枚,2660,2.7,弁当備品,18,,,1
おしぼり,紙オシボリ「乳白いずみ」 平,2000,枚,3400,1.7,弁当備品,18,,,1
スプーン,FDスプーン160 単袋入,2000,本,7000,3.5,弁当備品,18,,,0
フードカップピンク,デリカカップ 無地ピンク 6F 500枚入り,10000,枚,6900,0.7,弁当備品,18,,,1
持ち帰り用袋,PS弁当袋 大 乳白,1000,枚,110,0.1,弁当備品,18,,,0
フードカップ緑,ラミソフトケース小判ライトグリーン500枚,500,枚,1050,2.1,弁当備品,18,,,1
カップ,カップ,1,枚,5,5.0,弁当備品,18,,,0
フードカップ白,デリカカップ 雲竜白 6F 500枚入り,10000,枚,6900,0.7,弁当備品,18,,,1
はずみ24-20Ｋ 本体,はずみ24-20Ｋ 本体,50,枚,460,9.2,弁当容器,18,,,0
はずみ24-20Ｋ 蓋,はずみ24-20Ｋ 蓋,50,枚,440,8.8,弁当容器,18,,,0
黒弁当 本体,ＣＴガチ弁ＩＫ24－20Ａ ＢＫ身,1600,枚,12480,7.8,弁当容器,18,,,0
黒弁当 蓋,ＣＴガチ弁ＩＫ24－20 蓋,1600,枚,9120,5.7,弁当容器,18,,,0
黒弁当（旧）本体,ＣＴガチ弁ＩＫ24－20C2 ＢＫ身,1600,枚,11360,7.1,弁当容器,18,,,0
旧 赤 本体,CTガチ弁IK24-20C2RBS身 赤,1600,枚,16960,10.6,弁当容器,18,,,0
赤弁当 本体,ﾊｲｸｯｶｰ HK70-31B RBS,3200,枚,56480,17.7,弁当容器,18,,,1
赤弁当 蓋,ﾊｲｸｯｶｰ HK70 OCZ,3200,枚,34400,10.8,弁当容器,18,,,1
閃光,新CZ-2-2-1閃赤セット,1000,枚,14000,14.0,弁当容器,18,,,1
SMP容器本体,SMP-900E-2 本体,480,枚,12960,27.0,弁当容器,18,,,0
SMP蓋,SMP-900E-F カップ丼蓋,960,枚,8736,9.1,弁当容器,18,,,0
SMP内蓋,SMP-900E-F 中皿一般03,960,枚,11712,12.2,弁当容器,18,,,0
赤ガチ弁,CTWF-22R-27赤黒－BK身L,1200,枚,13104,10.9,弁当容器,18,,,1
赤ガチ弁 蓋,CT WF－22 重ね蓋,1200,枚,11796,9.8,弁当容器,18,,,1
大盛り容器,G-3 白 折蓋小,1000,枚,4650,4.7,弁当容器,18,,,1
住田用容器,G-2 白 折蓋中,1100,枚,5610,5.1,弁当容器,18,,,1
カレー容器,LA－227－5H黒,1200,枚,12240,10.2,弁当容器,18,,,0
カレー容器内蓋,LA－22 中蓋 有穴,1200,枚,5760,4.8,弁当容器,18,,,0
カレー用蓋,LA－227F,1200,枚,11400,9.5,弁当容器,18,,,0
SDビストロ 身,SDビストロ M20-16深 W 身,600,枚,8700,14.5,弁当容器,18,,,0
SDビストロ 蓋,SDビストロ M20-16深 蓋,600,枚,7140,11.9,弁当容器,18,,,0
TR-37 本体,TR-37 本体,600,枚,10140,16.9,弁当容器,18,,,1
TR-37 蓋,TR-37 蓋,600,枚,5580,9.3,弁当容器,18,,,1
TR-101 本体,TR-101H あけぼの,600,枚,9900,16.5,弁当容器,18,,,1
TR-101 蓋,TR-101F,600,枚,6540,10.9,弁当容器,18,,,1
TR-120 本体,TR-120 あけぼの,600,枚,8220,13.7,弁当容器,18,,,1
TR-120 蓋,TR-120F,600,枚,5520,9.2,弁当容器,18,,,1
輪ゴム,ゴムバンド＃18 500g,1,個,435,435.0,厨房備品,18,,,1
味噌カップ,UFカップ85－180ホワイト本体,2500,個,9375,3.8,弁当備品,18,,,1
食器用洗剤,PS-中性洗剤 5㎏,1,本,1130,1130.0,厨房備品,18,,,1
トイレットペーパー,トイレットペーパー エコパル12RW,1,袋,293,293.0,厨房備品,18,,,1
漂白剤,PS－5 殺菌・漂白剤 5ｋｇ,1,本,985,985.0,厨房備品,18,,,1
アルコール,ﾒｲﾌﾟﾙ)ﾗﾋﾞﾝｸﾞA75% 4L,1,本,1200,1200.0,厨房備品,18,,,1
ハンドソープ,PS1-1 ハンドソープ 5ｋｇ,1,本,1800,1800.0,厨房備品,18,,,1
マジックリン的なもの,ケミクイック5kg(マジックリンの代替品),3,本,1500,500.0,厨房備品,18,,,1
トイレ掃除用洗剤,業務用トイレルック 450ｍｌ,1,本,148,148.0,厨房備品,18,,,1
クッキングペーパー,PS業務用クッキングペーパー M,1,袋,402,402.0,厨房備品,18,,,1
ペーパータオル,PSペーパータオルリサイクル紙 小判新,1,袋,70,70.0,厨房備品,18,,,1
ピーチキッチンタオル,ピーチキッチンタオル 4R,1,袋,228,228.0,厨房備品,18,,,1
サランラップ,PS業務用ラップ 30㎝×100ｍ,1,本,169,169.0,厨房備品,18,,,1
エンボス手袋L,PSポリグローブエンボス箱入りL,1000,枚,870,0.9,厨房備品,18,,,1
エンボス手袋M,PSポリグローブエンボス箱入りM,1000,枚,860,0.9,厨房備品,18,,,1
エンボス手袋S,PSポリグローブエンボス箱入りS,1000,枚,870,0.9,厨房備品,18,,,1
エンボス手袋SS,PSポリグローブエンボス箱入りSS,1000,枚,860,0.9,厨房備品,18,,,1
アルミホイル,PS業務用ホイル 30×50,1,本,396,396.0,厨房備品,18,,,1
クッキングシート20,PS業務用クッキングシート33×20,1,本,350,350.0,厨房備品,18,,,1
クッキングシート30,PS業務用クッキングシート33×30,1,本,509,509.0,厨房備品,18,,,1
ラップ,PS業務用ラップ 30×50,1,本,170,170.0,厨房備品,18,,,1
炊飯ネットL,炊飯ネット5升炊き用 100×100,1,枚,755,755.0,厨房備品,18,,,1
食洗機用洗剤,アクシャル ニュースターLS 13ｋｇ,1,本,4640,4640.0,厨房備品,18,,,1
除菌漂白剤,J・F 除菌漂白剤5kg,1,本,580,580.0,厨房備品,18,,,1
マスク,PSマスク2PLY耳掛け 丸紐,100,枚,340,3.4,厨房備品,18,,,0
透明袋,ﾆｭｰﾌｸﾛｰﾙNo.200E,2800,枚,640,0.2,厨房備品,18,,,1
紙ボックス,紙ボックス 源氏,300,枚,6045,20.2,厨房備品,18,,,1
中仕切り,中仕切り,300,枚,4470,14.9,厨房備品,18,,,1
TR-36H 本体,TR-36H 本体,600,枚,7320,12.2,弁当容器,18,,,1
TR-36H 蓋,TR-36H 蓋,600,枚,4320,7.2,弁当容器,18,,,1
TR-37H 本体,TR-37H 本体,600,枚,10140,16.9,弁当容器,18,,,1
TR-37H 蓋,TR-37H 蓋,600,枚,5580,9.3,弁当容器,18,,,1
WUS膳 22－17－2,WUS膳 22－17－2,360,枚,15984,44.4,弁当容器,18,,,1
WUS膳 22－17,WUS膳 22－17,360,枚,4932,13.7,弁当容器,18,,,1
TR-65－2H R/B,TR-65－2H R/B,400,枚,6600,16.5,弁当容器,18,,,1
TR-65F 蓋,TR-65F 蓋,400,枚,5320,13.3,弁当容器,18,,,1
WK-12E,華詩パック  WK-12E,600,枚,6300,10.5,弁当容器,18,,,1
WK-11E,華詩パック  WK-11E,1200,枚,8640,7.2,厨房備品,18,,,0
SU-27 本体,SU-27 本体,400,枚,5560,13.9,弁当容器,18,,,1
SU-27－N9 内装,SU-27－N9 内装,400,枚,5160,12.9,弁当容器,18,,,1
SU-27蓋,SU-27蓋,400,枚,5720,14.3,弁当容器,18,,,1
パワーガス,業務用パワーガス RZ-860,1,本,390,390.0,厨房備品,18,,,1
エコボウル14 本体,エコボウル14 本体,1,枚,10,10.0,弁当容器,18,,,1
エコボウル14 蓋,エコボウル14 蓋,1,枚,10,10.0,弁当容器,18,,,1
クリアボウル大,クリアボウル大,1,枚,28,28.0,弁当容器,18,,,1
油用洗剤,PS-4 油汚れ用洗浄剤 5ｋｇ,1,本,1750,1750.0,厨房備品,18,,,1
BFハカマ膳8-1 本体,BFハカマ膳8-1 杉板赤本体,600,枚,17100,28.5,弁当容器,18,,,1
BFハカマ膳8-1 蓋,BFハカマ膳8 蓋,600,枚,7080,11.8,弁当容器,18,,,1
紙ケース小判15号,紙ケース小判15号 チェック柄,500,枚,1500,3.0,弁当備品,18,,,1
ココケース角特大 赤,ココケース角特大 赤,500,枚,900,1.8,弁当備品,18,,,0
ココケース角特大 黄,ココケース角特大 黄,500,枚,900,1.8,弁当備品,18,,,1
ココケース角特大 緑,ココケース角特大 緑,500,枚,900,1.8,弁当備品,18,,,1
ココケース丸型6号チェック赤,ココケース丸型6号チェック 赤,500,枚,400,0.8,弁当備品,18,,,1
ココケース丸型6号チェック黄,ココケース丸型6号チェック 黄,500,枚,400,0.8,弁当備品,18,,,1
ココケース丸型6号チェック緑,ココケース丸型6号チェック 緑,500,枚,400,0.8,弁当備品,18,,,1
白カップ,OPPソフトケース6F雲竜柄白合紙無,500,枚,680,1.4,弁当備品,18,,,0
クリアカップ6号,ＯＰＰソフトケース6Ｆ クリア,500,枚,500,1.0,弁当備品,18,,,0
クリアカップ小判8号,ラミケースＯＰＰ小判8号クリア,500,枚,1050,2.1,弁当備品,18,,,0
プラ容器 筑後,プラ容器 筑後 民芸陶器,10,枚,6240,624.0,弁当備品,18,,,0
筑後 特大 蓋,筑後 特大 蓋,10,枚,1600,160.0,弁当容器,18,,,0
食材管理ラベル月,ラベルB-909食材管理ラベル月曜日,500,枚,650,1.3,弁当備品,18,,,1
食材管理ラベル火,ラベルB-910食材管理ラベル火曜日,500,枚,650,1.3,弁当備品,18,,,1
食材管理ラベル水,ラベルB-911食材管理ラベル水曜日,500,枚,650,1.3,弁当備品,18,,,1
食材管理ラベル木,ラベルB-912食材管理ラベル木曜日,500,枚,650,1.3,弁当備品,18,,,1
食材管理ラベル金,ラベルB-913食材管理ラベル金曜日,500,枚,650,1.3,弁当備品,18,,,1
紫 カップ,OPP ケース 6Fムラサキ,500,枚,329,0.7,弁当備品,18,,,0
PSロールポリ 11号,PSロールポリ  11号,1,本,830,830.0,厨房備品,18,,,1
コピー用紙,APRIL コピー&レザー用紙A4,5,個,1850,370.0,厨房備品,18,,,1
おにぎりケース,おにぎりケース,2400,枚,8400,3.5,弁当容器,18,,,1
PSニトリル手袋S,PSニトリル手袋 粉付 ブルーS,100,枚,450,4.5,厨房備品,18,,,1
PSニトリル手袋M,PSニトリル手袋 粉付 ブルーM,100,枚,480,4.8,厨房備品,18,,,1
プラッター 身,DXプラッター 470B 身,40,枚,3240,81.0,厨房備品,18,,,0
プラッター 蓋,DXプラッター 470  蓋,40,枚,3238,81.0,厨房備品,18,,,0
たわし,たわし 老鶴 (小),3,個,306,102.0,厨房備品,18,,,1
バラン,バラン,1000,枚,97,0.1,厨房備品,18,,,1
カッパギ,FXハンドル アルミ柄S,1,本,980,980.0,厨房備品,18,,,1
ドライヤー,FXドライヤー48ｃｍ,1,本,750,750.0,厨房備品,18,,,1
ドライヤースペアゴム,FXドライヤースペアゴム 48ｃｍ,1,本,240,240.0,厨房備品,18,,,1
スポンジたわし,リエール スポンジたわしA 大袋,10,個,75,7.5,厨房備品,18,,,1
金たわし,たわしハイカール 60ｇ,1,個,180,180.0,厨房備品,18,,,1
ヴァイカンネイルブラシ,ヴァイカンネイルブラシ 6440 青,1,個,2280,2280.0,厨房備品,18,,,1
バッファー,バッファー65V 4．8L,1,本,1400,1400.0,厨房備品,18,,,1
カールケート,カールケート K-750H,1,個,165,165.0,厨房備品,1,,,1
ボンクリーナー,ボンクリーナー NO.3,1,個,75,75.0,厨房備品,1,,,1
チョンジョンコチュジャン,チョンジョンコチュジャン,500,g,380,0.8,食材,1,,,0
タコシーズニング,マコーミックタコシーズニング,230,g,756,3.3,食材,1,,,0
カゴメ）スーゴディポモドーロ,カゴメ)スーゴディポモドーロ,2550,g,1160,0.5,食材,1,,,0
ﾃﾞﾘｶ麺（ﾊｰﾄﾞ）,流し麺 ﾃﾞﾘｶﾗｰﾒﾝ (ﾊｰﾄﾞ),1000,g,349,0.3,食材,1,,,0
ﾌﾗｲﾔｰ用 油,ｻﾝﾌﾟﾗｻﾞ ｻﾝﾌﾗｲｵｲﾙ H,16.5,g,2360,143.0,食材,1,,,0
輪切り唐辛子,ｻﾝﾎｰﾑ 輪切り唐辛子,50,g,250,5.0,食材,1,,,0
キャベツサラダロール,B) 国産キャベツのサラダロール,60,個,3090,51.5,食材,10,,,0
JFDAロールキャベツ,JFDAロールキャベツ(小),10,個,220,22.0,食材,10,,,0
香ばし十五穀,ハウス 香ばし15穀,180,g,435,2.4,食材,10,,,0
日本精麦）おしむぎ,日本精麦) おしむぎ,1000,g,380,0.4,食材,10,,,0
ぜんまい水煮,ぜんまい水煮,1000,g,525,0.5,食材,2,,,0
チヂミ 30g,チヂミ 30g,400,個,5960,14.9,食材,2,,,0
三角春巻き（カレー）,三角春巻き(カレー),400,個,5600,14.0,食材,2,,,0
海鮮ねぎ塩焼オイル,海鮮ねぎ塩焼オイル,700,g,1100,1.6,食材,17,,,0
杏仁豆腐ミックス,杏仁豆腐ミックス,500,g,900,1.8,食材,17,,,0
卵,卵 S,200,個,2240,11.2,食材,16,,"※単位変換してある
※200個=1cs",0
ラベル,PB3－416ラベル,1,本,253,253.0,弁当備品,19,,,0
T-京角丼-35-55本体,T-京角丼-35-55本体黒C01-33,600,枚,11700,19.5,弁当容器,18,,麺容器（本体）,0
T-京皿（京角丼）35嵌合蓋,T-京皿(京角丼)35嵌合蓋(OPET)3D04-1,600,枚,6330,10.6,弁当容器,18,,麺容器（低蓋）,0
米,米,10000,g,2400,0.2,食材,3,,,0
徳用焼きのり,西部)徳用焼き海苔,100,枚,910,9.1,食材,10,,,0
ﾄﾞﾗｲﾊﾞｼﾞﾙ,ｻﾝﾎｰﾑ バジル ホール,50,g,240,4.8,食材,1,,,0
豆もやし,豆もやし,1000,g,125,0.1,食材,16,,,0
きざみ茎わさび,カネク) きざみ茎わさび,100,g,345,3.5,食材,10,,,0
とろーりやわらかたまご,とろーりやわらかたまご,1,個,38,38.0,食材,10,,,0
VFJ)チキンカツ 40g,VFJ) チキンカツ 40g,1,枚,22,22.0,食材,10,,,0
具だくさんﾀﾙﾀﾙｿｰｽ 500g,具だくさんﾀﾙﾀﾙｿｰｽ,500,g,550,1.1,食材,17,,,0
しば漬け,しば漬け,1000,g,155,0.2,食材,2,,,0
ﾁｷﾝﾁｰｽﾞ大葉巻,ﾁｷﾝﾁｰｽﾞ大葉巻 冷凍,240,個,13920,58.0,食材,17,,,0
SB) ｶﾚｰ粉缶,SB) ｶﾚｰ粉缶,400,g,1155,2.9,食材,10,,,0
焼売（45g）,焼売(ｼﾞｬﾝﾎﾞ) 45g 冷凍,240,個,12720,53.0,食材,17,,,0
鶏天ぷら 梅しそ,鶏天ぷら 梅しそ 40g,300,個,7950,26.5,食材,2,,,0
白身魚と豆腐のしんじょう,白身魚と豆腐のしんじょう,300,個,5220,17.4,食材,2,,,0
三つ葉,三つ葉,50,g,60,1.2,食材,16,,,0
創味） おろしだれ,創味) おろしだれ,2000,g,1130,0.6,食材,10,,,0
SB)  柚子こしょう,SB) 柚子こしょう,280,g,605,2.2,食材,10,,,0
味の素 （ｸﾞﾙｿｰ）,SP グルソー,1000,g,450,0.5,食材,1,,,0
一味唐辛子,JEDA) 一味唐がらし,300,g,285,1.0,食材,10,,,0
広東風 青椒肉絲ソース,富士食品 広東風青椒肉絲ソース,1125,g,1250,1.1,食材,1,,,0
イカ天ぷら   30g,イカ天ぷら  30g,400,個,3800,9.5,食材,2,,,0
野菜かき揚げ 50g,野菜かき揚げ 50g,240,個,5640,23.5,食材,2,,,0
スパイストッピング,スパイストッピングイタリアンテイスト,100,g,565,5.7,食材,10,,取り寄せ品,0
春菊,春菊,190,g,95,0.5,食材,16,,,0
きざみのり,JEFD PLUS きざみのり,100,g,440,4.4,食材,10,,,0
真イカリングフライ,真イカリングフライ,1000,g,620,0.6,食材,2,91030157,（1k×6)×２,0
SB サンショー ホール袋入り,SB サンショー ホール袋入り,100,g,315,3.2,食材,10,,,0
尾家 ニタヤ レッドカレーペースト,ニタヤ レッドカレーペースト 500g,500,g,750,1.5,食材,1,,,1
ニタヤ レッドカレーペースト,ニタヤ レッドカレーペースト 500g,500,g,717,1.4,食材,10,,（500g×20)×２ｃｓ　取り寄せ品,0
CF ランチBOX-2 IV 身,CF ランチBOX-2 IV 身,800,枚,8160,10.2,弁当容器,18,,,0
CF ランチBOX-2 蓋,CF ランチBOX-2 蓋,800,枚,6240,7.8,弁当容器,18,,,0
モロヘイヤ,モロヘイヤ,90,g,315,3.5,食材,16,,,0
長芋,長芋,1000,g,850,0.9,食材,16,,,0
上野生姜天,上野生姜天(ピンク),600,個,5280,8.8,食材,2,,,0
三温糖,三温糖,1000,g,285,0.3,食材,16,,,0
ロースとんかつ 40g,ロースとんかつ 40g,300,個,8070,26.9,食材,2,,,0
フルーツペーストチャツネ,フルーツペーストチャツネ,1000,g,685,0.7,食材,1,,,0
ホワイトバーベキューソース,ケンコー)ホワイトバーベキュー,1000,g,640,0.6,食材,10,,取り寄せ,0
キムチだれ,D キムチだれ,1000,g,1250,1.3,食材,17,,,0
ねばねば野菜（モロヘイヤ,ねばねば野菜(モロヘイヤとオクラ),500,g,480,1.0,食材,17,,,0
ガーリックフレーク,ガーリック(フレーク)乾燥状,100,g,290,2.9,食材,10,,1pcから（取り寄せ品）,0
MSD-ランチ70 本体 黒,MSD-ランチ70 本体 黒,600,個,7980,13.3,弁当容器,18,,,0
T-ランチ70 内嵌合蓋OPET,T-ランチ70 内嵌合蓋OPET,600,個,6750,11.3,弁当容器,18,,,0
人参シャトーカット（北海道産）,人参シャトーカット(北海道産),1000,g,605,0.6,食材,10,,,0
ワン折重 黒焼杉緑,ワン折重 81×55黒焼杉緑,600,枚,22740,37.9,弁当容器,18,,,0
ワン折重 黒底,ワン折重 81×55黒底,600,枚,18420,30.7,弁当容器,18,,,0
ワン折重 杉共蓋,ワン折重 81×55杉共蓋,600,枚,23040,38.4,弁当容器,18,,,0
インジェクションサーロイン,インジェクションサーロイン,1000,g,2000,2.0,食材,13,,,0
ﾊｲﾝﾂ ｼｬﾘｱﾋﾟﾝｿｰｽ,ﾊｲﾝﾂ ｼｬﾘｱﾋﾟﾝｿｰｽ,1110,g,910,0.8,食材,10,,,0
ﾊｲﾝﾂ 和風おろしソース,ﾊｲﾝﾂ 和風おろしソース,1110,g,910,0.8,食材,10,,,0
食研 チリソース,チリソース 2㎏,2000,g,1260,0.6,食材,17,,,0
ブロッコリー （ 生 ）,ブロッコリー,170,g,130,0.8,食材,16,,,0
オクラ （ 生 ）,オクラ,105,g,90,0.9,食材,16,,1本　11g目安,0
ホッキサラダ,ホッキサラダ(カナダホッキ),1000,g,1860,1.9,食材,17,,,0
かに風味ｻﾗﾀﾞ,かに風味サラダ 冷凍,1000,g,1460,1.5,食材,17,,,0
白身フライ 80g,白身フライ 80g,150,枚,4755,31.7,食材,2,,,0
アジフライ 100g,あじフライ 100g,120,枚,5160,43.0,食材,2,,,0
ラー油,石本)ラー油,1000,ml,980,1.0,食材,10,,１L×６から取り寄せ品,0
チョレギサラダシーズニング,SB)チョレギサラダシーズニング,100,g,355,3.6,食材,10,,100ｇ×１０　取り寄せ品,0
チョレギサラダドレッシング,QP)チョレギサラダドレッシング,1000,ml,475,0.5,食材,10,,1L×9  取り寄せ品,0
人参シャトーカット,人参シャトーカット(北海道産),1000,g,605,0.6,食材,10,,１ｋｇ×１２袋　　取り寄せ品,0
河鶴）しば漬,河鶴) しば漬,1000,g,141,0.1,食材,10,,,0
うの花,(ﾁﾙﾄﾞ)うの花(美味百菜),1000,g,525,0.5,食材,2,,,0
豚竜田揚げ,豚竜田揚げ 冷凍,1000,g,1450,1.5,食材,17,,,0
酢豚ｿｰｽ 食研,酢豚ｿｰｽ,2000,g,1320,0.7,食材,17,,,0
酢豚の具,酢豚の具,1000,g,950,1.0,食材,17,,,0
豚角煮,豚角煮 冷凍,1000,g,1950,2.0,食材,17,,,0
湯葉細巻き,湯葉細巻き 冷凍,400,個,15200,38.0,食材,17,,,0
れんこんはさみ揚げ,れんこんはさみ揚げ,300,個,12000,40.0,食材,17,,,0
茄子はさみ揚げ,茄子はさみ揚げ,400,個,10400,26.0,食材,17,,,0
ぽん酢ジュレ,ぽん酢ジュレ 540g,540,g,520,1.0,食材,17,,,0
中華くらげ,中華くらげ 冷凍,500,g,675,1.4,食材,17,,,0
えび餃子  20g,えび餃子 20g 冷凍,400,個,16000,40.0,食材,17,,,0
抹茶塩 2g,抹茶塩 2g,100,個,1210,12.1,食材,17,,,0
スモークチキンのマリネ,スモークチキンのマリネ 冷凍,500,g,650,1.3,食材,17,,,0
揚げ茄子乱切り,揚げ茄子乱切り(ベトナム産),500,g,265,0.5,食材,10,,５００ｇ×２０袋,1
人参乱切り,AF) 人参乱切り,1000,g,245,0.2,食材,10,,１０００ｇ×１０袋,1
乱切りかぼちゃ,SNE)中国産乱切りかぼちゃ,500,g,130,0.3,食材,10,,５００ｇ×２０袋 １ｐｃ１５こ計算,0
蓮根スライス,IFA)蓮根スライス(Ｍ),500,g,165,0.3,食材,10,,５００ｇ×２０袋,0
千切りピーマン,神栄)千切りピーマン,500,g,138,0.3,食材,10,,５００ｇ×２０袋,1
フェイス）揚げなす乱切り,フェイス)揚げなす乱切り,500,g,138,0.3,食材,10,,５００ｇ×２０袋,0
河鶴）青きゅうり,河鶴)青きゅうり,1000,g,141,0.1,食材,10,,１０００ｇ×１６袋,0
河鶴）赤きゅうり,河鶴)赤きゅうり,1000,g,141,0.1,食材,10,,１０００ｇ×１６袋,0
河鶴）壺漬,河鶴)壺漬,1000,g,141,0.1,食材,10,,１０００ｇ×１６袋,0
河鶴）千切り沢庵,河鶴)千切り沢庵,1000,g,125,0.1,食材,10,,１０００ｇ×１６袋,0
河鶴）桜漬,河鶴)桜漬,1000,g,125,0.1,食材,10,,１０００ｇ×１６袋,0
河鶴）福神漬,河鶴)福神漬,1000,g,125,0.1,食材,10,,１０００ｇ×１６袋,0
刻みごぼう,刻みごぼう,1000,g,400,0.4,食材,16,,,0
白滝200g,白滝(200ｇ),200,g,55,0.3,食材,16,,,0
ＨＭ）塩こうじ,ＨＭ)塩こうじ,230,g,230,1.0,食材,10,,230ｇ×1２本　　取寄せ品,0
ＮＫＲ 新こつぶがんも 10,ＮＫＲ 新こつぶがんも 10,100,個,710,7.1,食材,10,,１つ１０ｇの100個入　販売単位１ｐｃ,0
旬菜膳菜 うの花,旬菜膳菜 うの花,1000,g,605,0.6,食材,10,,,0
ぼんじり,ぼんじり,1000,g,650,0.7,食材,13,,,0
ＶＦＪ）カットほうれん草,ＶＦＪ)カットほうれん草(ＩＱＦ),500,g,158,0.3,食材,10,,,0
厨房 やきとりのたれ,厨房応援団 やきとりのたれ,1000,ml,690,0.7,食材,10,,取り寄せ品　4日前に発注1ｃｓ6本,0
チーズソース パルメザン,チーズソース パルメザン,300,ml,285,1.0,食材,1,,取り寄せ品　１ｃｓ２４入り,0
チーズソース クアトロフォルマッジョ,チーズソース クアトロフォルマッジョ,300,ml,375,1.3,食材,1,,取り寄せ品　１ｃｓ２４入り,0
えごま,えごま,10,枚,95,9.5,食材,16,,１ｐｃ10枚入り,0
ローズマリーパウダー,ローズマリーパウダー(Ｍ缶),150,g,355,2.4,食材,10,,,0
磯ワカメ,太堀)磯ワカメ,1000,g,720,0.7,食材,10,,１ｋｇ×１５袋　取り寄せ品,0
青唐たけのこ,太堀)青唐たけのこ,1000,g,690,0.7,食材,10,,１ｋｇ×１２袋　取り寄せ品,0
笹がき牛蒡甘辛漬,太堀)笹がき牛蒡甘辛漬,1000,g,660,0.7,食材,10,,１ｋｇ×１５袋　取り寄せ品,0
子持ち木耳生姜味,太堀)子持ち木耳生姜味,1000,g,690,0.7,食材,10,,１ｋｇ×１５袋　取り寄せ品,0
わさび菜おひたし,ＯＲ)わさび菜おひたし,1000,g,680,0.7,食材,10,,１ｋｇ×１５袋　取り寄せ品,0
やわらか葱メンマ,太堀)やわらか葱メンマ,900,g,880,1.0,食材,10,,９００ｇ×6袋×2合　取り寄せ品,0
塩ねぎエリンギ,塩ねぎエリンギ,900,g,1050,1.2,食材,10,,９００ｇ×6袋×2合　取り寄せ品,0
甘酢高菜生姜,甘酢高菜生姜,1000,g,790,0.8,食材,10,,1ｋｇ×6袋×2合　取り寄せ品,0
しそ梅,みなべ)しそ梅,300,g,700,2.3,食材,10,,３００ｇ×１２ｐｃ　取り寄せ品,1
チキンチーズ大葉巻,チキンチーズ大葉巻 冷凍 Ｒ,240,個,13920,58.0,食材,17,,（２０ヶ×6袋）×２合,0
揚げ茄子,揚げ茄子(タイ産),1000,g,530,0.5,食材,10,,１ｋｇ×１０　　　1袋から,0
栗かぼちゃコロッケ,栗かぼちゃコロッケ,100,個,1670,16.7,食材,2,,100×２から,0
おにぎり梅干しそ漬,おにぎり梅干しそ漬M角カップ,1000,g,850,0.9,食材,1,,１ｋ×６から　１つ８ｇぐらい,0
豚ももスライス 2．5ｍｍ,豚ももスライス2．5ｍｍ,1000,g,650,0.7,食材,13,,,0
料理店・レストラン味噌,料理店・レストラン味噌(白),1000,g,188,0.2,食材,10,,１ｋｇ×１０袋　　1袋から,0
うすくちしょうゆ,うすくちしょうゆ,1800,ml,347,0.2,食材,1,,入数８,0
セパレートドレッシング,セパレートドレッシング,1000,ml,425,0.4,食材,1,,入数９,0
粒マスタード,粒マスタード(チューブ),270,g,360,1.3,食材,1,,入数１２,0
ゆず果汁,ゆず果汁,150,ml,750,5.0,食材,1,,入数１２　　（注）お家に在庫なしメーカーから直送、1回の運賃２０００円,0
しらす干し,大冷)JEFDしらす干し,200,g,450,2.3,食材,10,,２００ｇ×２５袋　　1袋から,0
JEFDPLUSカットわかめ,JEFDPLUSカットわかめ,500,g,940,1.9,食材,10,,５００ｇ×２０袋　1袋から,0
JEFD味付ぽん酢,JEFD味付ぽん酢,1800,ml,460,0.3,食材,10,,１．８ｌ×６本　1本から,0
みょうが（1ｐｃ3つ1つ12．5ｇ）,みょうが(1ｐｃ3つ1つ12．5ｇ),37,g,190,5.1,食材,16,,みょうが（１ｐｃ3つ１つ１２．５ｇ）,0
鶏ももカット110ｇ,鶏ももカット110ｇ,1000,g,460,0.5,食材,13,,,0
サラダ菜（1ｐｃ100ｇ）,サラダ菜(1ｐｃ100ｇ),100,g,105,1.1,食材,16,,１ｐｃ約１００ｇ,0
ＪＥＦＤ）テイスティワイン（白）,ＪＥＦＤ)テイスティワイン(白)紙パック,1800,ml,790,0.4,食材,10,,１．８Ｌ×６　　　1本から発注可,0
Ａ）ＫＫコンソメ,Ａ)ＫＫコンソメ,1000,g,1080,1.1,食材,10,,１ｋｇ×１２　　12箱から,1
マッシュルーム（1ｐｃ5個115ｇ）,マッシュルーム(1ｐｃ5個115ｇ),115,g,140,1.2,食材,16,,１ｐｃ5個,0
みたけ 焼みょうばん,みたけ 焼みょうばん,35,g,85,2.4,食材,10,,３５×１０×１０　５ｃｓから,0
にら饅頭,にら饅頭,480,個,6960,14.5,食材,2,91130072,（２５ｇ×４０×６）×2,0
鶏軟骨から揚げ500ｇ,鶏軟骨から揚げ500ｇ 冷凍,500,g,648,1.3,食材,17,,12袋から,0
ししゃもから揚げ,ししゃもから揚げ(カラフトシシャモ)冷凍,1000,g,1300,1.3,食材,17,,1袋最低４１ぴき　　1kg×６袋,0
カキフライ,カキフライ(韓国産)冷凍Ｒ,480,個,16800,35.0,食材,17,,（２０ヶ×１２トレー）×2合=４８０から,0
マンナンヒカリ,マンナンヒカリ 業務用 1ＫＧ,1000,g,1255,1.3,食材,1,3431669,受注品　10日かかる事もある　10k単位,0
ＣＺ－221 本体,ＣＺ－221 本体,600,枚,4680,7.8,弁当容器,18,,,0
ＣＺ－221 蓋,ＣＺ－221 蓋,600,枚,3000,5.0,弁当容器,18,,,0